{"parameters/graph_201.weight": {"_type": "histogram", "values": [1.0, 0.0, 0.0, 1.0, 5.0, 2.0, 7.0, 5.0, 9.0, 19.0, 16.0, 38.0, 50.0, 59.0, 114.0, 171.0, 237.0, 390.0, 589.0, 969.0, 1593.0, 3731.0, 6601.0, 7613.0, 8238.0, 8517.0, 8716.0, 9136.0, 9093.0, 8883.0, 9130.0, 9119.0, 9164.0, 9301.0, 9148.0, 9191.0, 9049.0, 9105.0, 9061.0, 8756.0, 8631.0, 7968.0, 7104.0, 4057.0, 2172.0, 1477.0, 1042.0, 752.0, 543.0, 355.0, 243.0, 185.0, 118.0, 76.0, 52.0, 35.0, 27.0, 18.0, 11.0, 5.0, 2.0, 2.0, 1.0, 1.0], "bins": [-0.10947300493717194, -0.10614950954914093, -0.10282600671052933, -0.09950251132249832, -0.09617901593446732, -0.09285551309585571, -0.08953201770782471, -0.0862085223197937, -0.0828850269317627, -0.07956152409315109, -0.07623802870512009, -0.07291453331708908, -0.06959103047847748, -0.06626753509044647, -0.06294403970241547, -0.05962054058909416, -0.05629704147577286, -0.05297354236245155, -0.04965004697442055, -0.04632654786109924, -0.04300305247306824, -0.03967955335974693, -0.03635605424642563, -0.03303255885839462, -0.02970905974507332, -0.026385562494397163, -0.02306206524372101, -0.019738566130399704, -0.01641506887972355, -0.013091571629047394, -0.009768073447048664, -0.006444575730711222, -0.0031210854649543762, 0.00020241225138306618, 0.0035259099677205086, 0.006849407684057951, 0.010172905400395393, 0.013496402651071548, 0.016819901764392853, 0.020143399015069008, 0.023466896265745163, 0.026790393516421318, 0.030113890767097473, 0.03343738988041878, 0.03676088899374008, 0.04008438438177109, 0.04340788349509239, 0.0467313788831234, 0.0500548779964447, 0.053378377109766006, 0.05670187249779701, 0.06002537161111832, 0.06334886699914932, 0.06667236983776093, 0.06999586522579193, 0.07331936061382294, 0.07664285600185394, 0.07996635884046555, 0.08328985422849655, 0.08661334961652756, 0.08993685245513916, 0.09326034784317017, 0.09658384323120117, 0.09990734606981277, 0.10323084145784378]}, "_timestamp": 1713656159.252537, "parameters/graph_201.bias": {"_type": "histogram", "values": [2.0, 2.0, 1.0, 0.0, 3.0, 2.0, 9.0, 6.0, 2.0, 5.0, 10.0, 4.0, 3.0, 6.0, 3.0, 7.0, 12.0, 5.0, 5.0, 2.0, 1.0, 7.0, 5.0, 7.0, 5.0, 8.0, 5.0, 7.0, 4.0, 8.0, 5.0, 4.0, 6.0, 3.0, 2.0, 6.0, 0.0, 6.0, 6.0, 7.0, 5.0, 4.0, 4.0, 3.0, 3.0, 3.0, 4.0, 3.0, 5.0, 3.0, 5.0, 3.0, 7.0, 2.0, 3.0, 2.0, 1.0, 2.0, 1.0, 1.0, 0.0, 0.0, 0.0, 1.0], "bins": [-0.03688075765967369, -0.03553798049688339, -0.03419520705938339, -0.032852429896593094, -0.031509652733802795, -0.030166877433657646, -0.028824100270867348, -0.0274813249707222, -0.0261385478079319, -0.02479577250778675, -0.0234529972076416, -0.022110220044851303, -0.020767444744706154, -0.019424667581915855, -0.018081892281770706, -0.016739115118980408, -0.015396339818835258, -0.014053563587367535, -0.01271078735589981, -0.011368011124432087, -0.010025234892964363, -0.008682459592819214, -0.00733968336135149, -0.005996907129883766, -0.004654130898416042, -0.0033113546669483185, -0.0019685786683112383, -0.0006258025532588363, 0.0007169735617935658, 0.0020597497932612896, 0.00340252579189837, 0.00474530179053545, 0.006088078022003174, 0.007430854253470898, 0.008773630484938622, 0.010116406716406345, 0.01145918294787407, 0.012801958248019218, 0.014144734479486942, 0.015487510710954666, 0.016830287873744965, 0.018173063173890114, 0.019515838474035263, 0.02085861563682556, 0.02220139093697071, 0.02354416809976101, 0.02488694339990616, 0.026229720562696457, 0.027572495862841606, 0.028915271162986755, 0.030258048325777054, 0.03160082548856735, 0.03294359892606735, 0.03428637608885765, 0.03562915325164795, 0.03697193041443825, 0.03831470385193825, 0.039657481014728546, 0.041000258177518845, 0.042343031615018845, 0.04368580877780914, 0.04502858594059944, 0.04637136310338974, 0.04771413654088974, 0.04905691370368004]}, "parameters/graph_204.weight": {"_type": "histogram", "values": [2.0, 4.0, 3.0, 2.0, 1.0, 8.0, 8.0, 12.0, 10.0, 22.0, 22.0, 22.0, 25.0, 41.0, 46.0, 50.0, 48.0, 66.0, 76.0, 86.0, 104.0, 104.0, 89.0, 91.0, 92.0, 100.0, 104.0, 88.0, 88.0, 73.0, 98.0, 79.0, 78.0, 81.0, 85.0, 73.0, 75.0, 64.0, 60.0, 44.0, 42.0, 31.0, 40.0, 31.0, 37.0, 26.0, 19.0, 15.0, 16.0, 12.0, 18.0, 11.0, 7.0, 12.0, 6.0, 6.0, 1.0, 3.0, 1.0, 0.0, 0.0, 1.0, 0.0, 1.0], "bins": [-0.2556273639202118, -0.2465638816356659, -0.2375003844499588, -0.2284369021654129, -0.219373419880867, -0.2103099226951599, -0.201246440410614, -0.19218295812606812, -0.18311947584152222, -0.17405597865581512, -0.16499249637126923, -0.15592901408672333, -0.14686551690101624, -0.13780203461647034, -0.12873855233192444, -0.11967506259679794, -0.11061157286167145, -0.10154808312654495, -0.09248460084199905, -0.08342111110687256, -0.07435762882232666, -0.06529413908720016, -0.05623064935207367, -0.04716716334223747, -0.038103677332401276, -0.02904019132256508, -0.019976703450083733, -0.010913216508924961, -0.0018497295677661896, 0.007213757373392582, 0.016277244314551353, 0.0253407321870327, 0.034404218196868896, 0.04346770420670509, 0.05253119021654129, 0.061594679951667786, 0.07065816223621368, 0.07972165197134018, 0.08878514170646667, 0.09784862399101257, 0.10691211372613907, 0.11597560346126556, 0.12503908574581146, 0.13410256803035736, 0.14316606521606445, 0.15222954750061035, 0.16129302978515625, 0.17035652697086334, 0.17942000925540924, 0.18848349153995514, 0.19754698872566223, 0.20661047101020813, 0.21567395329475403, 0.22473745048046112, 0.23380093276500702, 0.24286441504955292, 0.25192791223526, 0.2609913945198059, 0.2700548768043518, 0.2791183590888977, 0.2881818413734436, 0.2972453534603119, 0.3063088357448578, 0.3153723180294037, 0.3244358003139496]}, "parameters/graph_204.bias": {"_type": "histogram", "values": [1.0, 0.0, 0.0, 0.0, 0.0, 0.0, 0.0, 0.0, 0.0, 0.0, 0.0, 0.0, 0.0, 1.0, 0.0, 0.0, 0.0, 0.0, 0.0, 0.0, 0.0, 0.0, 0.0, 0.0, 0.0, 0.0, 0.0, 0.0, 0.0, 0.0, 0.0, 0.0, 0.0, 0.0, 0.0, 1.0, 0.0, 1.0, 0.0, 0.0, 0.0, 0.0, 1.0, 0.0, 0.0, 0.0, 0.0, 0.0, 2.0, 1.0, 0.0, 1.0, 0.0, 0.0, 0.0, 0.0, 0.0, 0.0, 0.0, 0.0, 0.0, 0.0, 0.0, 1.0], "bins": [-0.06597364693880081, -0.06417664140462875, -0.062379635870456696, -0.06058263033628464, -0.05878562480211258, -0.05698862299323082, -0.05519161745905876, -0.053394611924886703, -0.051597606390714645, -0.04980060085654259, -0.04800359532237053, -0.04620658978819847, -0.04440958797931671, -0.04261258244514465, -0.040815576910972595, -0.03901857137680054, -0.03722156584262848, -0.03542456030845642, -0.03362755477428436, -0.031830549240112305, -0.030033545568585396, -0.028236540034413338, -0.02643953636288643, -0.02464253082871437, -0.022845525294542313, -0.021048519760370255, -0.019251514226198196, -0.017454510554671288, -0.01565750502049923, -0.013860499486327171, -0.012063494883477688, -0.010266490280628204, -0.008469484746456146, -0.0066724796779453754, -0.004875474609434605, -0.003078469540923834, -0.001281464472413063, 0.0005155405960977077, 0.0023125456646084785, 0.004109550733119249, 0.00590655580163002, 0.007703560870140791, 0.009500565938651562, 0.011297570541501045, 0.013094576075673103, 0.014891581609845161, 0.01668858528137207, 0.01848559081554413, 0.020282596349716187, 0.022079601883888245, 0.023876607418060303, 0.02567361108958721, 0.02747061662375927, 0.029267622157931328, 0.031064625829458237, 0.032861631363630295, 0.03465863689780235, 0.03645564243197441, 0.03825264796614647, 0.04004965350031853, 0.04184665530920029, 0.043643660843372345, 0.0454406663775444, 0.04723767191171646, 0.04903467744588852]}, "gradients/graph_204.bias": {"_type": "histogram", "values": [1.0, 0.0, 0.0, 0.0, 0.0, 0.0, 0.0, 1.0, 0.0, 0.0, 0.0, 0.0, 0.0, 0.0, 0.0, 2.0, 0.0, 0.0, 0.0, 0.0, 0.0, 0.0, 0.0, 0.0, 1.0, 0.0, 0.0, 0.0, 0.0, 0.0, 0.0, 0.0, 0.0, 0.0, 1.0, 0.0, 0.0, 0.0, 0.0, 0.0, 1.0, 0.0, 1.0, 0.0, 0.0, 0.0, 0.0, 0.0, 0.0, 0.0, 0.0, 0.0, 1.0, 0.0, 0.0, 0.0, 0.0, 0.0, 0.0, 0.0, 0.0, 0.0, 0.0, 1.0],