{"parameters/graph_191.weight": {"_type": "histogram", "values": [5.0, 3.0, 6.0, 11.0, 17.0, 37.0, 34.0, 52.0, 83.0, 126.0, 200.0, 265.0, 463.0, 784.0, 1441.0, 3712.0, 5882.0, 6706.0, 7182.0, 7435.0, 7532.0, 7731.0, 7849.0, 7866.0, 7854.0, 7874.0, 8018.0, 7693.0, 7907.0, 7954.0, 7922.0, 8091.0, 7827.0, 7966.0, 7780.0, 7829.0, 7680.0, 7560.0, 7297.0, 6543.0, 4358.0, 2175.0, 1445.0, 998.0, 716.0, 523.0, 363.0, 276.0, 226.0, 125.0, 112.0, 48.0, 34.0, 27.0, 24.0, 8.0, 13.0, 4.0, 5.0, 3.0, 1.0, 2.0, 0.0, 1.0], "bins": [-0.08171003311872482, -0.07885263860225677, -0.07599523663520813, -0.07313784211874008, -0.07028044015169144, -0.06742304563522339, -0.06456564366817474, -0.061708249151706696, -0.05885085090994835, -0.05599345266819, -0.053136054426431656, -0.05027865618467331, -0.04742126166820526, -0.044563863426446915, -0.04170646518468857, -0.03884906694293022, -0.035991668701171875, -0.03313427045941353, -0.030276872217655182, -0.027419475838541985, -0.024562077596783638, -0.02170467935502529, -0.018847282975912094, -0.015989884734153748, -0.013132486492395401, -0.010275088250637054, -0.0074176909402012825, -0.004560293164104223, -0.001702895388007164, 0.0011545023880898952, 0.0040119001641869545, 0.006869297940284014, 0.009726695716381073, 0.01258409395813942, 0.015441491268575191, 0.018298888579010963, 0.02115628682076931, 0.024013685062527657, 0.026871081441640854, 0.0297284796833992, 0.03258587792515755, 0.035443276166915894, 0.03830067440867424, 0.04115807265043259, 0.044015467166900635, 0.04687286540865898, 0.04973026365041733, 0.052587661892175674, 0.05544506013393402, 0.05830245837569237, 0.061159856617450714, 0.06401725113391876, 0.06687465310096741, 0.06973204761743546, 0.0725894495844841, 0.07544684410095215, 0.0783042460680008, 0.08116164058446884, 0.08401903510093689, 0.08687643706798553, 0.08973383158445358, 0.09259123355150223, 0.09544862806797028, 0.09830603003501892, 0.10116342455148697]}, "_timestamp": 1713655428.1638222, "parameters/graph_191.bias": {"_type": "histogram", "values": [2.0, 3.0, 2.0, 3.0, 5.0, 4.0, 1.0, 4.0, 4.0, 6.0, 8.0, 5.0, 9.0, 4.0, 7.0, 3.0, 4.0, 4.0, 3.0, 3.0, 4.0, 2.0, 6.0, 5.0, 4.0, 4.0, 9.0, 5.0, 3.0, 4.0, 4.0, 5.0, 1.0, 3.0, 7.0, 5.0, 5.0, 4.0, 4.0, 5.0, 8.0, 3.0, 2.0, 3.0, 3.0, 6.0, 3.0, 4.0, 4.0, 2.0, 2.0, 8.0, 6.0, 2.0, 5.0, 8.0, 6.0, 3.0, 2.0, 1.0, 0.0, 1.0, 0.0, 1.0], "bins": [-0.03445012867450714, -0.033193379640579224, -0.031936630606651306, -0.03067987971007824, -0.029423130676150322, -0.028166381642222404, -0.026909630745649338, -0.02565288171172142, -0.024396132677793503, -0.023139383643865585, -0.021882634609937668, -0.0206258837133646, -0.019369134679436684, -0.018112385645508766, -0.0168556347489357, -0.015598885715007782, -0.014342136681079865, -0.013085387647151947, -0.011828637681901455, -0.010571887716650963, -0.009315138682723045, -0.008058389648795128, -0.006801639683544636, -0.005544890183955431, -0.004288140684366226, -0.0030313911847770214, -0.0017746416851878166, -0.0005178921855986118, 0.000738857313990593, 0.0019956068135797977, 0.0032523563131690025, 0.004509105812758207, 0.005765851587057114, 0.0070226010866463184, 0.008279350586235523, 0.009536100551486015, 0.010792849585413933, 0.01204959861934185, 0.013306348584592342, 0.014563098549842834, 0.015819847583770752, 0.01707659661769867, 0.018333345651626587, 0.019590096548199654, 0.02084684558212757, 0.02210359461605549, 0.023360345512628555, 0.024617094546556473, 0.02587384358048439, 0.027130592614412308, 0.028387341648340225, 0.029644092544913292, 0.03090084157884121, 0.032157592475414276, 0.033414341509342194, 0.03467109054327011, 0.03592783957719803, 0.037184588611125946, 0.038441337645053864, 0.03969808667898178, 0.0409548357129097, 0.042211588472127914, 0.04346833750605583, 0.04472508653998375, 0.04598183557391167]}, "parameters/graph_194.weight": {"_type": "histogram", "values": [1.0, 2.0, 3.0, 3.0, 6.0, 4.0, 9.0, 7.0, 19.0, 16.0, 18.0, 35.0, 30.0, 49.0, 54.0, 49.0, 55.0, 56.0, 83.0, 91.0, 99.0, 104.0, 121.0, 89.0, 97.0, 79.0, 81.0, 89.0, 97.0, 78.0, 87.0, 80.0, 87.0, 87.0, 83.0, 77.0, 66.0, 49.0, 61.0, 56.0, 44.0, 37.0, 41.0, 25.0, 25.0, 20.0, 18.0, 18.0, 12.0, 7.0, 15.0, 14.0, 6.0, 6.0, 3.0, 2.0, 3.0, 4.0, 0.0, 1.0, 0.0, 0.0, 0.0, 2.0], "bins": [-0.22540520131587982, -0.21730822324752808, -0.20921126008033752, -0.20111428201198578, -0.19301730394363403, -0.18492034077644348, -0.17682336270809174, -0.16872638463974, -0.16062942147254944, -0.1525324434041977, -0.14443546533584595, -0.1363384872674942, -0.12824152410030365, -0.1201445460319519, -0.11204757541418076, -0.10395059734582901, -0.09585362672805786, -0.08775665611028671, -0.07965967804193497, -0.07156270742416382, -0.06346572935581207, -0.055368758738040924, -0.047271788120269775, -0.03917481377720833, -0.03107783943414688, -0.022980865091085434, -0.014883892610669136, -0.0067869191989302635, 0.001310054212808609, 0.009407027624547482, 0.017504001036286354, 0.025600973516702652, 0.033697932958602905, 0.04179490730166435, 0.0498918816447258, 0.05798885226249695, 0.0660858303308487, 0.07418280094861984, 0.08227977156639099, 0.09037674963474274, 0.09847372025251389, 0.10657069087028503, 0.11466766893863678, 0.12276463955640793, 0.13086161017417908, 0.13895858824253082, 0.14705556631088257, 0.15515252947807312, 0.16324950754642487, 0.1713464856147766, 0.17944344878196716, 0.1875404268503189, 0.19563740491867065, 0.2037343680858612, 0.21183134615421295, 0.2199283242225647, 0.22802528738975525, 0.236122265458107, 0.24421924352645874, 0.2523162066936493, 0.26041319966316223, 0.2685101628303528, 0.27660712599754333, 0.2847041189670563, 0.2928010821342468]}, "parameters/graph_194.bias": {"_type": "histogram", "values": [1.0, 0.0, 0.0, 0.0, 0.0, 0.0, 0.0, 1.0, 0.0, 0.0, 1.0, 0.0, 0.0, 0.0, 1.0, 0.0, 0.0, 0.0, 0.0, 0.0, 0.0, 0.0, 0.0, 0.0, 0.0, 0.0, 0.0, 0.0, 0.0, 0.0, 0.0, 0.0, 1.0, 0.0, 0.0, 1.0, 0.0, 0.0, 0.0, 1.0, 0.0, 0.0, 0.0, 0.0, 0.0, 0.0, 0.0, 0.0, 0.0, 0.0, 0.0, 0.0, 1.0, 1.0, 0.0, 0.0, 0.0, 0.0, 0.0, 0.0, 0.0, 0.0, 0.0, 1.0], "bins": [-0.05602657049894333, -0.053844746202230453, -0.05166291818022728, -0.049481093883514404, -0.04729926958680153, -0.045117441564798355, -0.04293561726808548, -0.040753792971372604, -0.03857196867465973, -0.036390140652656555, -0.03420831635594368, -0.032026492059230804, -0.02984466403722763, -0.027662839740514755, -0.02548101358115673, -0.023299189284443855, -0.02111736312508583, -0.018935536965727806, -0.01675371266901493, -0.014571886509656906, -0.012390061281621456, -0.010208236053586006, -0.008026409894227982, -0.005844584666192532, -0.0036627594381570816, -0.001480933977290988, 0.0007008914835751057, 0.0028827169444411993, 0.005064542405307293, 0.007246367633342743, 0.009428193792700768, 0.011610019020736217, 0.013791844248771667, 0.015973670408129692, 0.018155494704842567, 0.020337320864200592, 0.022519145160913467, 0.024700971320271492, 0.026882797479629517, 0.029064621776342392, 0.031246447935700417, 0.03342827409505844, 0.035610098391771317, 0.03779192268848419, 0.039973750710487366, 0.04215557500720024, 0.044337399303913116, 0.04651922732591629, 0.048701051622629166, 0.05088287591934204, 0.053064703941345215, 0.05524652823805809, 0.057428352534770966, 0.05961018055677414, 0.061792004853487015, 0.06397382915019989, 0.06615565717220306, 0.06833747774362564, 0.07051930576562881, 0.07270113378763199, 0.07488295435905457, 0.07706478238105774, 0.07924661040306091, 0.08142843097448349, 0.08361025899648666]}, "gradients/graph_194.bias": {"_type": "histogram", "values": [1.0, 0.0, 0.0, 0.0, 0.0, 0.0, 0.0, 0.0, 0.0, 0.0, 0.0, 0.0, 0.0, 1.0, 0.0, 0.0, 1.0, 0.0, 0.0, 0.0, 0.0, 0.0, 0.0, 0.0, 1.0, 0.0, 0.0, 0.0, 0.0, 0.0, 0.0, 0.0, 0.0, 0.0, 2.0, 0.0, 0.0, 1.0, 0.0, 0.0, 0.0, 0.0, 0.0, 1.0, 0.0, 0.0, 0.0, 0.0, 0.0, 0.0, 0.0, 0.0, 0.0, 0.0, 0.0, 1.0, 0.0, 0.0, 0.0, 0.0, 0.0, 0.0, 0.0, 1.0],