{"parameters/graph_61.weight": {"_type": "histogram", "values": [1.0, 4.0, 0.0, 1.0, 2.0, 5.0, 9.0, 14.0, 16.0, 29.0, 38.0, 71.0, 141.0, 229.0, 361.0, 643.0, 1409.0, 3953.0, 6129.0, 6609.0, 7048.0, 7282.0, 7587.0, 7580.0, 7820.0, 7593.0, 7709.0, 7625.0, 7911.0, 7747.0, 7757.0, 7723.0, 7745.0, 7694.0, 7794.0, 7709.0, 7578.0, 7816.0, 7608.0, 7582.0, 7464.0, 6993.0, 5821.0, 2744.0, 1531.0, 1090.0, 780.0, 525.0, 384.0, 245.0, 188.0, 119.0, 81.0, 52.0, 37.0, 24.0, 22.0, 13.0, 8.0, 3.0, 2.0, 1.0, 1.0, 4.0], "bins": [-0.0856599286198616, -0.08287426084280014, -0.08008858561515808, -0.07730291783809662, -0.07451725006103516, -0.0717315748333931, -0.06894590705633163, -0.06616023182868958, -0.06337456405162811, -0.06058889254927635, -0.05780322104692459, -0.05501755326986313, -0.05223188176751137, -0.04944621026515961, -0.046660542488098145, -0.043874870985746384, -0.04108919948339462, -0.03830352798104286, -0.0355178564786911, -0.03273218870162964, -0.029946517199277878, -0.027160845696926117, -0.024375176057219505, -0.021589506417512894, -0.018803834915161133, -0.016018163412809372, -0.01323249377310276, -0.010446823202073574, -0.007661152631044388, -0.004875482060015202, -0.0020898114889860153, 0.0006958590820431709, 0.0034815222024917603, 0.0062671927735209465, 0.009052863344550133, 0.011838533915579319, 0.014624204486608505, 0.017409875988960266, 0.020195545628666878, 0.02298121526837349, 0.02576688677072525, 0.02855255827307701, 0.03133822977542877, 0.034123897552490234, 0.036909569054841995, 0.039695240557193756, 0.04248090833425522, 0.04526657983660698, 0.04805225133895874, 0.0508379228413105, 0.05362359434366226, 0.056409262120723724, 0.059194933623075485, 0.061980605125427246, 0.06476627290248871, 0.06755194813013077, 0.07033761590719223, 0.07312328368425369, 0.07590895891189575, 0.07869462668895721, 0.08148029446601868, 0.08426596969366074, 0.0870516374707222, 0.08983731269836426, 0.09262298047542572]}, "_timestamp": 1713646670.3723662, "parameters/graph_61.bias": {"_type": "histogram", "values": [3.0, 2.0, 1.0, 2.0, 4.0, 5.0, 4.0, 5.0, 3.0, 5.0, 7.0, 4.0, 6.0, 5.0, 2.0, 8.0, 10.0, 5.0, 5.0, 8.0, 3.0, 7.0, 6.0, 3.0, 5.0, 4.0, 0.0, 5.0, 6.0, 5.0, 6.0, 1.0, 3.0, 4.0, 8.0, 3.0, 5.0, 5.0, 2.0, 2.0, 5.0, 9.0, 1.0, 4.0, 10.0, 9.0, 4.0, 2.0, 3.0, 3.0, 1.0, 2.0, 5.0, 5.0, 2.0, 4.0, 2.0, 3.0, 2.0, 1.0, 1.0, 0.0, 0.0, 1.0], "bins": [-0.03362833708524704, -0.03236530348658562, -0.031102269887924194, -0.02983923628926277, -0.02857620269060135, -0.027313169091939926, -0.026050135493278503, -0.02478710189461708, -0.023524068295955658, -0.022261034697294235, -0.020998001098632812, -0.01973496749997139, -0.018471933901309967, -0.017208900302648544, -0.01594586670398712, -0.014682833105325699, -0.013419799506664276, -0.012156765908002853, -0.01089373230934143, -0.009630698710680008, -0.008367665112018585, -0.0071046315133571625, -0.00584159791469574, -0.004578564316034317, -0.0033155307173728943, -0.0020524971187114716, -0.0007894635200500488, 0.0004735700786113739, 0.0017366036772727966, 0.0029996372759342194, 0.004262670874595642, 0.005525704473257065, 0.006788741797208786, 0.008051775395870209, 0.009314808994531631, 0.010577842593193054, 0.011840876191854477, 0.0131039097905159, 0.014366943389177322, 0.015629976987838745, 0.016893010586500168, 0.01815604418516159, 0.019419077783823013, 0.020682111382484436, 0.02194514498114586, 0.02320817857980728, 0.024471212178468704, 0.025734245777130127, 0.02699727937579155, 0.028260312974452972, 0.029523346573114395, 0.030786380171775818, 0.03204941377043724, 0.03331244736909866, 0.034575480967760086, 0.03583851456642151, 0.03710154816508293, 0.038364581763744354, 0.03962761536240578, 0.0408906489610672, 0.04215368255972862, 0.043416716158390045, 0.04467974975705147, 0.04594278335571289, 0.04720581695437431]}, "parameters/graph_64.weight": {"_type": "histogram", "values": [1.0, 2.0, 2.0, 1.0, 1.0, 3.0, 6.0, 10.0, 11.0, 20.0, 16.0, 24.0, 40.0, 33.0, 42.0, 48.0, 52.0, 55.0, 79.0, 93.0, 101.0, 95.0, 86.0, 86.0, 94.0, 86.0, 77.0, 83.0, 87.0, 75.0, 80.0, 66.0, 90.0, 81.0, 81.0, 84.0, 73.0, 71.0, 57.0, 51.0, 44.0, 44.0, 34.0, 42.0, 37.0, 26.0, 19.0, 29.0, 14.0, 22.0, 20.0, 20.0, 8.0, 13.0, 11.0, 8.0, 3.0, 6.0, 5.0, 5.0, 1.0, 3.0, 2.0, 1.0], "bins": [-0.19548703730106354, -0.188802570104599, -0.18211810290813446, -0.17543363571166992, -0.16874916851520538, -0.16206470131874084, -0.1553802341222763, -0.14869576692581177, -0.14201129972934723, -0.1353268325328827, -0.12864236533641815, -0.12195789068937302, -0.11527342349290848, -0.10858895629644394, -0.1019044890999794, -0.09522002190351486, -0.08853555470705032, -0.08185108751058578, -0.07516662031412125, -0.06848215311765671, -0.06179768592119217, -0.05511321499943733, -0.048428747802972794, -0.041744280606508255, -0.035059813410043716, -0.028375346213579178, -0.02169087901711464, -0.015006409958004951, -0.008321942761540413, -0.001637475099414587, 0.005046992562711239, 0.011731460690498352, 0.01841592788696289, 0.02510039508342743, 0.03178486227989197, 0.038469329476356506, 0.045153796672821045, 0.05183826759457588, 0.05852273479104042, 0.06520719826221466, 0.0718916654586792, 0.07857614010572433, 0.08526060730218887, 0.09194507449865341, 0.09862954169511795, 0.10531400889158249, 0.11199847608804703, 0.11868294328451157, 0.1253674030303955, 0.13205188512802124, 0.13873635232448578, 0.14542081952095032, 0.15210528671741486, 0.1587897539138794, 0.16547422111034393, 0.17215868830680847, 0.178843155503273, 0.18552762269973755, 0.1922120898962021, 0.19889655709266663, 0.20558102428913116, 0.2122654914855957, 0.21894995868206024, 0.22563442587852478, 0.23231889307498932]}, "parameters/graph_64.bias": {"_type": "histogram", "values": [2.0, 0.0, 0.0, 0.0, 0.0, 0.0, 0.0, 0.0, 1.0, 1.0, 0.0, 0.0, 0.0, 0.0, 0.0, 0.0, 0.0, 0.0, 0.0, 0.0, 0.0, 0.0, 0.0, 0.0, 0.0, 0.0, 0.0, 0.0, 0.0, 0.0, 0.0, 0.0, 0.0, 0.0, 0.0, 0.0, 0.0, 0.0, 0.0, 1.0, 0.0, 0.0, 0.0, 0.0, 0.0, 1.0, 0.0, 2.0, 0.0, 0.0, 0.0, 0.0, 0.0, 0.0, 0.0, 0.0, 0.0, 0.0, 0.0, 0.0, 0.0, 0.0, 1.0, 1.0], "bins": [-0.032190680503845215, -0.03064466454088688, -0.029098646715283394, -0.027552630752325058, -0.026006612926721573, -0.024460596963763237, -0.022914579138159752, -0.021368563175201416, -0.01982254534959793, -0.018276529386639595, -0.01673051342368126, -0.015184495598077774, -0.013638479635119438, -0.012092462740838528, -0.010546445846557617, -0.009000428952276707, -0.007454412057995796, -0.005908395163714886, -0.004362378269433975, -0.002816361840814352, -0.0012703449465334415, 0.0002756718313321471, 0.0018216886091977358, 0.0033677052706480026, 0.004913722164928913, 0.006459739059209824, 0.008005755953490734, 0.009551772847771645, 0.01109778881072998, 0.012643805705010891, 0.014189822599291801, 0.015735840424895287, 0.017281856387853622, 0.01882787235081196, 0.020373890176415443, 0.02191990613937378, 0.023465923964977264, 0.0250119399279356, 0.026557957753539085, 0.02810397371649742, 0.029649991542100906, 0.031196007505059242, 0.03274202346801758, 0.03428804129362106, 0.03583405911922455, 0.037380073219537735, 0.03892609104514122, 0.040472108870744705, 0.04201812297105789, 0.04356414079666138, 0.04511015862226486, 0.04665617644786835, 0.048202190548181534, 0.04974820837378502, 0.051294226199388504, 0.05284024402499199, 0.054386258125305176, 0.05593227595090866, 0.057478293776512146, 0.05902430787682533, 0.06057032570242882, 0.0621163435280323, 0.06366235762834549, 0.06520837545394897, 0.06675439327955246]}, "gradients/graph_64.bias": {"_type": "histogram", "values": [1.0, 0.0, 0.0, 0.0, 0.0, 0.0, 0.0, 0.0, 0.0, 0.0, 0.0, 0.0, 0.0, 0.0, 0.0, 0.0, 0.0, 0.0, 0.0, 1.0, 0.0, 0.0, 0.0, 0.0, 1.0, 0.0, 0.0, 0.0, 0.0, 2.0, 2.0, 1.0, 0.0, 1.0, 0.0, 0.0, 0.0, 0.0, 0.0, 0.0, 0.0, 0.0, 0.0, 0.0, 0.0, 0.0, 0.0, 0.0, 0.0, 0.0, 0.0, 0.0, 0.0, 0.0, 0.0, 0.0, 0.0, 0.0, 0.0, 0.0, 0.0, 0.0, 0.0, 1.0],