{"parameters/graph_41.weight": {"_type": "histogram", "values": [5.0, 5.0, 6.0, 10.0, 20.0, 31.0, 53.0, 67.0, 120.0, 152.0, 235.0, 357.0, 569.0, 1188.0, 3339.0, 5633.0, 6205.0, 6673.0, 6935.0, 7049.0, 7185.0, 7195.0, 7331.0, 7163.0, 7182.0, 7109.0, 7457.0, 7324.0, 7452.0, 7429.0, 7433.0, 7282.0, 7381.0, 7202.0, 7318.0, 7131.0, 7216.0, 7079.0, 6992.0, 6760.0, 6333.0, 4560.0, 2031.0, 1341.0, 936.0, 650.0, 447.0, 337.0, 233.0, 184.0, 122.0, 86.0, 52.0, 36.0, 25.0, 23.0, 19.0, 5.0, 1.0, 6.0, 1.0, 2.0, 0.0, 1.0], "bins": [-0.07541243731975555, -0.07278025895357132, -0.07014807313680649, -0.06751589477062225, -0.06488370895385742, -0.06225153058767319, -0.05961935222148895, -0.05698717013001442, -0.054354988038539886, -0.05172280594706535, -0.04909062385559082, -0.046458445489406586, -0.04382626339793205, -0.04119408130645752, -0.038561902940273285, -0.03592972084879875, -0.03329753875732422, -0.030665356665849686, -0.028033176437020302, -0.025400996208190918, -0.022768814116716385, -0.020136632025241852, -0.017504451796412468, -0.01487227063626051, -0.012240089476108551, -0.009607908315956593, -0.006975727155804634, -0.004343545995652676, -0.0017113648355007172, 0.0009208163246512413, 0.0035529974848031998, 0.006185178644955158, 0.008817359805107117, 0.011449540965259075, 0.014081722125411034, 0.016713902354240417, 0.01934608444571495, 0.021978266537189484, 0.024610446766018867, 0.02724262699484825, 0.029874809086322784, 0.03250699117779732, 0.03513917326927185, 0.037771351635456085, 0.04040353372693062, 0.04303571581840515, 0.045667894184589386, 0.04830007627606392, 0.05093225836753845, 0.053564440459012985, 0.05619662255048752, 0.05882880091667175, 0.061460983008146286, 0.06409316509962082, 0.06672534346580505, 0.06935752928256989, 0.07198970764875412, 0.07462188601493835, 0.07725407183170319, 0.07988625019788742, 0.08251842856407166, 0.08515061438083649, 0.08778279274702072, 0.09041497856378555, 0.09304715692996979]}, "_timestamp": 1713646414.794612, "parameters/graph_41.bias": {"_type": "histogram", "values": [2.0, 2.0, 6.0, 6.0, 7.0, 1.0, 4.0, 3.0, 5.0, 3.0, 1.0, 1.0, 7.0, 5.0, 3.0, 2.0, 4.0, 6.0, 3.0, 4.0, 3.0, 8.0, 5.0, 4.0, 3.0, 4.0, 3.0, 3.0, 5.0, 3.0, 2.0, 7.0, 8.0, 3.0, 6.0, 3.0, 5.0, 8.0, 3.0, 5.0, 4.0, 2.0, 7.0, 2.0, 5.0, 6.0, 7.0, 4.0, 3.0, 3.0, 4.0, 2.0, 7.0, 6.0, 5.0, 4.0, 3.0, 6.0, 4.0, 2.0, 1.0, 1.0, 0.0, 2.0], "bins": [-0.03292006254196167, -0.031726107001304626, -0.030532149598002434, -0.02933819219470024, -0.028144236654043198, -0.026950279250741005, -0.025756321847438812, -0.02456236630678177, -0.023368408903479576, -0.022174451500177383, -0.02098049595952034, -0.019786538556218147, -0.018592581152915955, -0.01739862561225891, -0.01620466820895672, -0.0150107117369771, -0.013816755264997482, -0.012622798793017864, -0.011428842321038246, -0.010234884917736053, -0.009040928445756435, -0.007846971973776817, -0.006653015036135912, -0.0054590580984950066, -0.0042651016265153885, -0.0030711449217051268, -0.001877188216894865, -0.0006832315120846033, 0.0005107251927256584, 0.0017046818975359201, 0.002898638602346182, 0.004092595539987087, 0.005286555737257004, 0.006480512209236622, 0.007674469146877527, 0.008868426084518433, 0.01006238255649805, 0.011256339028477669, 0.012450296431779861, 0.01364425290375948, 0.014838209375739098, 0.01603216677904129, 0.017226122319698334, 0.018420079723000526, 0.01961403712630272, 0.020807992666959763, 0.022001950070261955, 0.023195905610919, 0.02438986301422119, 0.025583820417523384, 0.026777775958180428, 0.02797173336148262, 0.029165688902139664, 0.030359646305441856, 0.03155360370874405, 0.03274755924940109, 0.033941514790058136, 0.03513547405600548, 0.03632942959666252, 0.037523385137319565, 0.03871734440326691, 0.03991129994392395, 0.041105255484580994, 0.042299214750528336, 0.04349317029118538]}, "parameters/graph_44.weight": {"_type": "histogram", "values": [1.0, 0.0, 1.0, 1.0, 1.0, 2.0, 5.0, 6.0, 6.0, 13.0, 17.0, 20.0, 31.0, 41.0, 38.0, 54.0, 66.0, 78.0, 99.0, 97.0, 93.0, 107.0, 105.0, 102.0, 114.0, 109.0, 84.0, 100.0, 86.0, 101.0, 95.0, 83.0, 83.0, 89.0, 92.0, 54.0, 62.0, 76.0, 42.0, 45.0, 41.0, 41.0, 34.0, 32.0, 25.0, 14.0, 12.0, 13.0, 10.0, 8.0, 6.0, 5.0, 3.0, 6.0, 3.0, 3.0, 1.0, 2.0, 1.0, 0.0, 0.0, 0.0, 0.0, 1.0], "bins": [-0.21341916918754578, -0.2056528627872467, -0.19788657128810883, -0.19012026488780975, -0.18235397338867188, -0.1745876669883728, -0.16682136058807373, -0.15905506908893585, -0.15128876268863678, -0.1435224562883377, -0.13575616478919983, -0.12798985838890076, -0.12022355943918228, -0.1124572604894638, -0.10469095408916473, -0.09692465513944626, -0.08915835618972778, -0.08139205724000931, -0.07362575829029083, -0.06585945188999176, -0.058093152940273285, -0.05032685399055481, -0.042560551315546036, -0.03479424864053726, -0.027027949690818787, -0.019261648878455162, -0.011495348066091537, -0.003729047253727913, 0.004037253558635712, 0.011803554370999336, 0.01956985518336296, 0.027336155995726585, 0.03510245680809021, 0.042868755757808685, 0.05063505843281746, 0.05840136110782623, 0.06616766005754471, 0.07393395900726318, 0.08170026540756226, 0.08946656435728073, 0.0972328633069992, 0.10499916225671768, 0.11276546120643616, 0.12053176760673523, 0.1282980740070343, 0.13606436550617218, 0.14383067190647125, 0.15159696340560913, 0.1593632698059082, 0.16712957620620728, 0.17489586770534515, 0.18266217410564423, 0.1904284656047821, 0.19819477200508118, 0.20596107840538025, 0.21372736990451813, 0.2214936763048172, 0.22925998270511627, 0.23702627420425415, 0.24479258060455322, 0.2525588870048523, 0.26032519340515137, 0.26809147000312805, 0.2758577764034271, 0.2836240828037262]}, "parameters/graph_44.bias": {"_type": "histogram", "values": [1.0, 0.0, 0.0, 0.0, 0.0, 1.0, 0.0, 0.0, 0.0, 0.0, 1.0, 0.0, 0.0, 0.0, 0.0, 1.0, 0.0, 0.0, 0.0, 0.0, 0.0, 0.0, 0.0, 0.0, 0.0, 0.0, 0.0, 0.0, 0.0, 0.0, 0.0, 0.0, 0.0, 0.0, 0.0, 0.0, 0.0, 0.0, 0.0, 1.0, 0.0, 0.0, 0.0, 0.0, 1.0, 0.0, 1.0, 0.0, 0.0, 0.0, 0.0, 0.0, 0.0, 1.0, 0.0, 1.0, 0.0, 0.0, 0.0, 0.0, 0.0, 0.0, 0.0, 1.0], "bins": [-0.07017835974693298, -0.06804419308900833, -0.06591003388166428, -0.06377586722373962, -0.06164170429110527, -0.05950753763318062, -0.057373374700546265, -0.05523921176791191, -0.05310504883527756, -0.050970882177352905, -0.04883671924471855, -0.0467025563120842, -0.044568389654159546, -0.04243422672152519, -0.04030006378889084, -0.038165897130966187, -0.03603173419833183, -0.03389757126569748, -0.03176340460777283, -0.029629241675138474, -0.02749507874250412, -0.025360913947224617, -0.023226749151945114, -0.02109258621931076, -0.018958421424031258, -0.016824256628751755, -0.014690093696117401, -0.012555928900837898, -0.01042176503688097, -0.008287601172924042, -0.006153436843305826, -0.004019272513687611, -0.0018851086497306824, 0.00024905544705688953, 0.0023832195438444614, 0.004517383873462677, 0.006651547737419605, 0.008785711601376534, 0.010919876396656036, 0.013054040260612965, 0.015188204124569893, 0.017322368919849396, 0.01945653185248375, 0.021590696647763252, 0.023724861443042755, 0.02585902437567711, 0.02799318917095661, 0.030127352103590965, 0.03226151689887047, 0.03439567983150482, 0.036529846489429474, 0.03866400942206383, 0.04079817235469818, 0.04293233901262283, 0.04506650194525719, 0.04720066487789154, 0.04933483153581619, 0.051468994468450546, 0.0536031574010849, 0.055737320333719254, 0.057871486991643906, 0.06000564992427826, 0.06213981285691261, 0.06427397578954697, 0.06640814244747162]}, "gradients/graph_44.bias": {"_type": "histogram", "values": [1.0, 0.0, 0.0, 0.0, 0.0, 0.0, 0.0, 0.0, 0.0, 0.0, 0.0, 0.0, 0.0, 0.0, 0.0, 0.0, 0.0, 0.0, 0.0, 0.0, 0.0, 0.0, 0.0, 0.0, 0.0, 0.0, 0.0, 0.0, 0.0, 0.0, 0.0, 0.0, 0.0, 0.0, 0.0, 0.0, 0.0, 0.0, 5.0, 1.0, 1.0, 0.0, 0.0, 0.0, 0.0, 0.0, 1.0, 0.0, 0.0, 0.0, 0.0, 0.0, 0.0, 0.0, 0.0, 0.0, 0.0, 0.0, 0.0, 0.0, 0.0, 0.0, 0.0, 1.0],