{"parameters/1.weight": {"_type": "histogram", "values": [1.0, 0.0, 0.0, 0.0, 3.0, 0.0, 9.0, 3.0, 13.0, 12.0, 9.0, 16.0, 30.0, 31.0, 46.0, 66.0, 79.0, 98.0, 92.0, 167.0, 213.0, 335.0, 439.0, 629.0, 943.0, 1458.0, 2124.0, 3203.0, 5121.0, 8511.0, 20446.0, 68215.0, 58098.0, 14536.0, 5820.0, 3309.0, 2172.0, 1422.0, 924.0, 609.0, 437.0, 311.0, 214.0, 147.0, 103.0, 80.0, 49.0, 45.0, 26.0, 23.0, 17.0, 14.0, 10.0, 7.0, 5.0, 1.0, 3.0, 2.0, 4.0, 1.0, 1.0, 1.0, 0.0, 1.0], "bins": [-1.30192232131958, -1.26088547706604, -1.2198486328125, -1.17881178855896, -1.13777494430542, -1.0967381000518799, -1.0557012557983398, -1.0146644115447998, -0.9736275672912598, -0.9325907230377197, -0.8915538787841797, -0.8505170345306396, -0.8094801902770996, -0.7684433460235596, -0.7274065017700195, -0.6863696575164795, -0.6453328132629395, -0.6042959690093994, -0.5632591247558594, -0.5222222805023193, -0.4811854362487793, -0.44014859199523926, -0.3991117477416992, -0.3580749034881592, -0.31703805923461914, -0.2760012149810791, -0.23496437072753906, -0.19392752647399902, -0.15289068222045898, -0.11185383796691895, -0.0708169937133789, -0.029780149459838867, 0.011256814002990723, 0.05229365825653076, 0.0933305025100708, 0.13436734676361084, 0.17540419101715088, 0.21644103527069092, 0.25747787952423096, 0.298514723777771, 0.33955156803131104, 0.3805884122848511, 0.4216252565383911, 0.46266210079193115, 0.5036989450454712, 0.5447357892990112, 0.5857726335525513, 0.6268094778060913, 0.6678463220596313, 0.7088831663131714, 0.7499200105667114, 0.7909568548202515, 0.8319936990737915, 0.8730305433273315, 0.9140673875808716, 0.9551042318344116, 0.9961410760879517, 1.0371779203414917, 1.0782147645950317, 1.1192516088485718, 1.1602884531021118, 1.2013252973556519, 1.242362141609192, 1.283398985862732, 1.324435830116272]}, "_timestamp": 1713645689.583622, "parameters/1.bias": {"_type": "histogram", "values": [1.0, 0.0, 0.0, 0.0, 0.0, 0.0, 1.0, 1.0, 0.0, 0.0, 0.0, 0.0, 0.0, 1.0, 1.0, 0.0, 1.0, 0.0, 0.0, 2.0, 0.0, 2.0, 1.0, 2.0, 1.0, 0.0, 1.0, 4.0, 3.0, 3.0, 3.0, 5.0, 3.0, 4.0, 6.0, 3.0, 3.0, 11.0, 11.0, 8.0, 8.0, 11.0, 9.0, 13.0, 17.0, 13.0, 14.0, 10.0, 8.0, 11.0, 9.0, 9.0, 7.0, 14.0, 6.0, 6.0, 2.0, 2.0, 0.0, 0.0, 1.0, 1.0, 2.0, 1.0], "bins": [-0.23123368620872498, -0.22659508883953094, -0.22195649147033691, -0.2173178791999817, -0.21267928183078766, -0.20804068446159363, -0.2034020721912384, -0.19876347482204437, -0.19412487745285034, -0.1894862800836563, -0.18484768271446228, -0.18020907044410706, -0.17557047307491302, -0.170931875705719, -0.16629326343536377, -0.16165466606616974, -0.1570160686969757, -0.15237747132778168, -0.14773887395858765, -0.14310026168823242, -0.1384616643190384, -0.13382306694984436, -0.12918445467948914, -0.1245458573102951, -0.11990725994110107, -0.11526866257190704, -0.11063005775213242, -0.10599145293235779, -0.10135285556316376, -0.09671425819396973, -0.0920756533741951, -0.08743704855442047, -0.08279844373464584, -0.07815983891487122, -0.07352124154567719, -0.06888264417648315, -0.06424403935670853, -0.0596054382622242, -0.05496683716773987, -0.05032823607325554, -0.04568963497877121, -0.04105103388428688, -0.03641243278980255, -0.03177383169531822, -0.027135230600833893, -0.022496629506349564, -0.017858028411865234, -0.013219427317380905, -0.008580826222896576, -0.003942225128412247, 0.0006963759660720825, 0.005334977060556412, 0.009973578155040741, 0.01461217924952507, 0.0192507803440094, 0.02388938143849373, 0.028527982532978058, 0.03316658362746239, 0.037805184721946716, 0.042443785816431046, 0.047082386910915375, 0.051720988005399704, 0.05635958909988403, 0.06099819019436836, 0.06563679128885269]}, "parameters/4.weight": {"_type": "histogram", "values": [1.0, 0.0, 0.0, 1.0, 2.0, 1.0, 3.0, 2.0, 5.0, 4.0, 10.0, 5.0, 11.0, 17.0, 21.0, 30.0, 48.0, 55.0, 91.0, 105.0, 191.0, 290.0, 520.0, 524.0, 182.0, 75.0, 56.0, 38.0, 24.0, 26.0, 27.0, 19.0, 25.0, 23.0, 14.0, 16.0, 16.0, 14.0, 3.0, 8.0, 7.0, 7.0, 7.0, 7.0, 4.0, 2.0, 1.0, 3.0, 2.0, 1.0, 6.0, 1.0, 4.0, 1.0, 0.0, 0.0, 0.0, 0.0, 1.0, 1.0, 0.0, 1.0, 0.0, 1.0], "bins": [-1.7361881732940674, -1.661763310432434, -1.5873384475708008, -1.5129135847091675, -1.4384887218475342, -1.3640637397766113, -1.289638876914978, -1.2152140140533447, -1.1407891511917114, -1.0663642883300781, -0.9919394254684448, -0.9175145030021667, -0.8430896401405334, -0.7686647772789001, -0.6942398548126221, -0.6198149919509888, -0.5453901290893555, -0.47096526622772217, -0.3965403735637665, -0.3221154808998108, -0.2476906180381775, -0.173265740275383, -0.0988408625125885, -0.024415984749794006, 0.05000889301300049, 0.12443377077579498, 0.19885864853858948, 0.27328354120254517, 0.34770840406417847, 0.42213326692581177, 0.49655815958976746, 0.5709830522537231, 0.6454076766967773, 0.7198325395584106, 0.794257402420044, 0.868682324886322, 0.9431071877479553, 1.0175321102142334, 1.0919569730758667, 1.1663818359375, 1.2408066987991333, 1.3152315616607666, 1.3896564245224, 1.4640812873840332, 1.538506269454956, 1.6129311323165894, 1.6873559951782227, 1.761780858039856, 1.8362057209014893, 1.9106305837631226, 1.9850554466247559, 2.0594804286956787, 2.1339051723480225, 2.2083301544189453, 2.282754898071289, 2.357179880142212, 2.4316048622131348, 2.5060296058654785, 2.5804545879364014, 2.654879331588745, 2.729304313659668, 2.8037290573120117, 2.8781540393829346, 2.9525787830352783, 3.027003765106201]}, "parameters/4.bias": {"_type": "histogram", "values": [1.0, 0.0, 0.0, 0.0, 0.0, 0.0, 0.0, 0.0, 0.0, 0.0, 0.0, 0.0, 1.0, 0.0, 0.0, 1.0, 0.0, 0.0, 0.0, 0.0, 0.0, 0.0, 1.0, 0.0, 0.0, 0.0, 0.0, 1.0, 0.0, 0.0, 1.0, 0.0, 0.0, 0.0, 1.0, 0.0, 0.0, 0.0, 0.0, 0.0, 0.0, 0.0, 0.0, 1.0, 1.0, 0.0, 0.0, 0.0, 0.0, 0.0, 0.0, 0.0, 0.0, 0.0, 0.0, 0.0, 0.0, 0.0, 0.0, 0.0, 0.0, 0.0, 0.0, 1.0], "bins": [-0.1196870505809784, -0.11498275399208069, -0.11027845740318298, -0.10557416081428528, -0.10086986422538757, -0.09616556763648987, -0.09146127104759216, -0.08675697445869446, -0.08205267786979675, -0.07734838128089905, -0.07264408469200134, -0.06793978810310364, -0.06323549151420593, -0.05853119492530823, -0.05382689833641052, -0.04912260174751282, -0.04441830515861511, -0.03971400856971741, -0.0350097119808197, -0.030305415391921997, -0.025601118803024292, -0.020896822214126587, -0.016192525625228882, -0.011488229036331177, -0.006783932447433472, -0.0020796358585357666, 0.0026246607303619385, 0.0073289573192596436, 0.012033253908157349, 0.016737550497055054, 0.02144184708595276, 0.026146143674850464, 0.03085044026374817, 0.035554736852645874, 0.04025903344154358, 0.044963330030441284, 0.04966762661933899, 0.054371923208236694, 0.0590762197971344, 0.0637805163860321, 0.06848481297492981, 0.07318910956382751, 0.07789340615272522, 0.08259770274162292, 0.08730199933052063, 0.09200629591941833, 0.09671059250831604, 0.10141488909721375, 0.10611918568611145, 0.11082348227500916, 0.11552777886390686, 0.12023207545280457, 0.12493637204170227, 0.12964066863059998, 0.13434496521949768, 0.13904926180839539, 0.1437535583972931, 0.1484578549861908, 0.1531621515750885, 0.1578664481639862, 0.1625707447528839, 0.16727504134178162, 0.17197933793067932, 0.17668363451957703, 0.18138793110847473]}, "gradients/4.bias": {"_type": "histogram", "values": [10.0], "bins": [0.0, 0.0]}, "gradients/4.weight": {"_type": "histogram", "values": [2560.0], "bins": [0.0, 0.0]}, "gradients/1.bias": {"_type": "histogram", "values": [256.0], "bins": [0.0, 0.0]}, "gradients/1.weight": {"_type": "histogram", "values": [200704.0], "bins": [0.0, 0.0]}, "iteration_loss": 1.6611501216888427, "_runtime": 230.81779289245605, "_step": 13390, "w_norm": 20.992904663085938, "w_mean": -0.0010016512824222445, "w_std": 0.41498860716819763, "w_max": 3.027003765106201, "w_min": -1.7361881732940674, "g_norm": 0.0, "g_mean": 0.0, "g_std": 0.0, "g_max": 0.0, "g_min": 0.0, "stat_0": {"w_norm": 44.96287155151367, "w_mean": 0.0006175392190925777, "w_std": 0.1003621444106102, "w_max": 1.324435830116272, "w_min": -1.30192232131958,