{"parameters/graph_151.weight": {"_type": "histogram", "values": [2606.0, 3194.0, 3159.0, 3015.0, 3201.0, 3152.0, 3086.0, 3203.0, 3120.0, 3093.0, 3160.0, 3123.0, 3239.0, 3139.0, 3190.0, 3181.0, 3246.0, 3161.0, 3129.0, 3182.0, 3104.0, 3170.0, 3145.0, 3113.0, 3147.0, 3139.0, 3044.0, 3058.0, 3171.0, 3192.0, 3132.0, 3088.0, 3089.0, 3153.0, 3172.0, 3122.0, 3140.0, 3187.0, 3220.0, 3114.0, 3129.0, 3199.0, 3162.0, 3165.0, 3153.0, 3208.0, 3013.0, 3167.0, 3150.0, 3229.0, 3204.0, 3138.0, 3117.0, 3227.0, 3058.0, 3233.0, 3186.0, 3143.0, 3086.0, 3116.0, 3122.0, 3069.0, 3198.0, 2953.0], "bins": [-0.035890717059373856, -0.03477080911397934, -0.033650897443294525, -0.03253098949790001, -0.03141108155250549, -0.03029116988182068, -0.029171261936426163, -0.028051352128386497, -0.026931442320346832, -0.025811532512307167, -0.024691622704267502, -0.023571714758872986, -0.02245180495083332, -0.021331895142793655, -0.02021198719739914, -0.019092077389359474, -0.01797216758131981, -0.016852257773280144, -0.01573234796524048, -0.014612440019845963, -0.013492530211806297, -0.012372620403766632, -0.011252711527049541, -0.01013280265033245, -0.009012892842292786, -0.00789298303425312, -0.00677307415753603, -0.005653164815157652, -0.004533255472779274, -0.003413346130400896, -0.002293436788022518, -0.0011735274456441402, -5.361810326576233e-05, 0.0010662912391126156, 0.0021862005814909935, 0.0033061099238693714, 0.004426019266247749, 0.005545928608626127, 0.006665837951004505, 0.007785747293382883, 0.008905656635761261, 0.010025566443800926, 0.011145475320518017, 0.012265384197235107, 0.013385294005274773, 0.014505203813314438, 0.015625111758708954, 0.01674502156674862, 0.017864931374788284, 0.01898484118282795, 0.020104750990867615, 0.02122465893626213, 0.022344568744301796, 0.02346447855234146, 0.024584386497735977, 0.025704296305775642, 0.026824206113815308, 0.027944115921854973, 0.029064025729894638, 0.030183933675289154, 0.03130384534597397, 0.032423753291368484, 0.033543661236763, 0.034663572907447815, 0.03578348085284233]}, "_timestamp": 1713654718.411783, "parameters/graph_151.bias": {"_type": "histogram", "values": [4.0, 2.0, 5.0, 3.0, 6.0, 4.0, 5.0, 4.0, 1.0, 3.0, 3.0, 4.0, 7.0, 4.0, 7.0, 2.0, 6.0, 4.0, 1.0, 1.0, 1.0, 4.0, 2.0, 6.0, 5.0, 5.0, 6.0, 4.0, 1.0, 5.0, 6.0, 2.0, 3.0, 8.0, 2.0, 8.0, 7.0, 6.0, 5.0, 2.0, 3.0, 3.0, 1.0, 3.0, 3.0, 3.0, 5.0, 4.0, 4.0, 3.0, 1.0, 4.0, 7.0, 10.0, 5.0, 4.0, 3.0, 5.0, 3.0, 4.0, 2.0, 2.0, 6.0, 4.0], "bins": [-0.03566642105579376, -0.03455306962132454, -0.033439721912145615, -0.03232637047767639, -0.031213020905852318, -0.030099669471383095, -0.02898631989955902, -0.027872970327734947, -0.026759620755910873, -0.02564626932144165, -0.024532919749617577, -0.023419570177793503, -0.02230621874332428, -0.021192869171500206, -0.020079519599676132, -0.01896616816520691, -0.017852818593382835, -0.01673946902155876, -0.01562611758708954, -0.014512768015265465, -0.013399418443441391, -0.012286067940294743, -0.011172717437148094, -0.01005936786532402, -0.008946017362177372, -0.007832666859030724, -0.00671931728720665, -0.005605966784060001, -0.00449261674657464, -0.003379266709089279, -0.0022659164387732744, -0.0011525662848725915, -3.921613097190857e-05, 0.0010741340229287744, 0.0021874841768294573, 0.003300834447145462, 0.004414184484630823, 0.005527534522116184, 0.006640885025262833, 0.007754235062748194, 0.008867585100233555, 0.009980935603380203, 0.011094285175204277, 0.012207635678350925, 0.013320986181497574, 0.014434335753321648, 0.015547686256468296, 0.016661036759614944, 0.017774386331439018, 0.018887735903263092, 0.020001087337732315, 0.02111443690955639, 0.022227786481380463, 0.023341137915849686, 0.02445448748767376, 0.025567837059497833, 0.026681188493967056, 0.02779453806579113, 0.028907887637615204, 0.030021237209439278, 0.0311345886439085, 0.032247938215732574, 0.0333612896502018, 0.03447463735938072, 0.035587988793849945]}, "parameters/graph_154.weight": {"_type": "histogram", "values": [29.0, 44.0, 46.0, 29.0, 48.0, 37.0, 31.0, 41.0, 49.0, 32.0, 48.0, 40.0, 43.0, 35.0, 40.0, 43.0, 48.0, 32.0, 50.0, 41.0, 44.0, 33.0, 38.0, 41.0, 36.0, 41.0, 40.0, 49.0, 38.0, 40.0, 35.0, 38.0, 44.0, 36.0, 43.0, 35.0, 41.0, 48.0, 27.0, 45.0, 43.0, 28.0, 46.0, 41.0, 41.0, 34.0, 36.0, 46.0, 39.0, 35.0, 29.0, 41.0, 33.0, 38.0, 44.0, 47.0, 47.0, 36.0, 40.0, 43.0, 41.0, 47.0, 40.0, 47.0], "bins": [-0.0626840591430664, -0.06072400510311127, -0.05876395106315613, -0.05680389329791069, -0.05484383925795555, -0.05288378521800041, -0.050923727452754974, -0.048963673412799835, -0.047003619372844696, -0.04504356533288956, -0.04308351129293442, -0.04112345352768898, -0.03916339948773384, -0.0372033454477787, -0.035243287682533264, -0.033283233642578125, -0.031323179602622986, -0.029363125562667847, -0.02740306966006756, -0.02544301375746727, -0.02348295971751213, -0.02152290567755699, -0.019562849774956703, -0.017602793872356415, -0.015642739832401276, -0.013682684861123562, -0.011722629889845848, -0.009762574918568134, -0.0078025199472904205, -0.005842464976012707, -0.003882410004734993, -0.0019223550334572792, 3.769993782043457e-05, 0.0019977549090981483, 0.003957809880375862, 0.005917864851653576, 0.00787791982293129, 0.009837974794209003, 0.011798029765486717, 0.013758084736764431, 0.015718139708042145, 0.017678193747997284, 0.019638249650597572, 0.02159830555319786, 0.023558359593153, 0.02551841363310814, 0.027478469535708427, 0.029438525438308716, 0.031398579478263855, 0.033358633518218994, 0.03531868755817413, 0.03727874532341957, 0.03923879936337471, 0.04119885340332985, 0.04315891116857529, 0.045118965208530426, 0.047079019248485565, 0.049039073288440704, 0.050999127328395844, 0.05295918509364128, 0.05491923913359642, 0.05687929317355156, 0.058839350938797, 0.060799404978752136, 0.06275945901870728]}, "parameters/graph_154.bias": {"_type": "histogram", "values": [1.0, 0.0, 0.0, 0.0, 0.0, 0.0, 0.0, 0.0, 0.0, 0.0, 0.0, 0.0, 0.0, 0.0, 0.0, 1.0, 0.0, 0.0, 0.0, 1.0, 1.0, 0.0, 0.0, 0.0, 0.0, 0.0, 0.0, 0.0, 0.0, 0.0, 0.0, 0.0, 0.0, 1.0, 0.0, 0.0, 0.0, 0.0, 0.0, 0.0, 0.0, 0.0, 0.0, 0.0, 1.0, 0.0, 0.0, 0.0, 0.0, 1.0, 0.0, 0.0, 1.0, 0.0, 0.0, 0.0, 1.0, 0.0, 0.0, 0.0, 0.0, 0.0, 0.0, 1.0], "bins": [-0.02686590701341629, -0.025489868596196175, -0.02411383017897606, -0.022737791761755943, -0.021361753344535828, -0.01998571678996086, -0.018609678372740746, -0.01723363995552063, -0.015857601538300514, -0.014481563121080399, -0.013105524703860283, -0.011729487217962742, -0.010353448800742626, -0.00897741038352251, -0.007601372431963682, -0.006225334480404854, -0.004849296063184738, -0.003473257878795266, -0.002097219694405794, -0.0007211815100163221, 0.0006548566743731499, 0.002030894858762622, 0.003406933043152094, 0.004782970994710922, 0.006159009411931038, 0.0075350478291511536, 0.00891108624637127, 0.01028712373226881, 0.011663162149488926, 0.013039200566709042, 0.014415238052606583, 0.0157912764698267, 0.017167318612337112, 0.018543357029557228, 0.019919395446777344, 0.02129543386399746, 0.022671472281217575, 0.02404750883579254, 0.025423547253012657, 0.026799585670232773, 0.02817562408745289, 0.029551662504673004, 0.03092770092189312, 0.032303739339113235, 0.0336797758936882, 0.03505581617355347, 0.03643185272812843, 0.0378078930079937, 0.039183929562568665, 0.04055996611714363, 0.041936006397008896, 0.04331204295158386, 0.04468808323144913, 0.046064119786024094, 0.04744016006588936, 0.048816196620464325, 0.05019223690032959, 0.051568273454904556, 0.05294431000947952, 0.05432035028934479, 0.055696386843919754, 0.05707242712378502, 0.058448463678359985, 0.05982450395822525, 0.06120054051280022]}, "gradients/graph_154.bias": {"_type": "histogram",