{"parameters/graph_131.weight": {"_type": "histogram", "values": [2814.0, 3168.0, 3052.0, 3156.0, 3208.0, 3252.0, 3195.0, 3130.0, 3254.0, 3095.0, 3137.0, 3145.0, 3108.0, 3174.0, 3104.0, 3092.0, 3168.0, 3069.0, 3236.0, 3107.0, 3072.0, 3226.0, 3171.0, 3077.0, 3119.0, 3159.0, 3136.0, 3028.0, 3191.0, 3168.0, 3138.0, 3026.0, 3131.0, 3108.0, 3158.0, 3147.0, 3200.0, 3076.0, 3110.0, 3157.0, 3210.0, 3187.0, 3150.0, 2998.0, 3198.0, 3248.0, 3053.0, 3163.0, 3175.0, 3274.0, 3074.0, 3215.0, 3222.0, 3041.0, 3186.0, 3197.0, 3167.0, 3198.0, 3065.0, 3104.0, 3187.0, 3040.0, 3082.0, 3008.0], "bins": [-0.03584088757634163, -0.03472185507416725, -0.033602818846702576, -0.0324837863445282, -0.03136475011706352, -0.030245717614889145, -0.029126683250069618, -0.02800764888525009, -0.026888614520430565, -0.025769580155611038, -0.02465054579079151, -0.023531511425971985, -0.022412478923797607, -0.02129344455897808, -0.020174410194158554, -0.019055375829339027, -0.0179363414645195, -0.016817307099699974, -0.015698272734880447, -0.014579239301383495, -0.013460204936563969, -0.012341170571744442, -0.01122213713824749, -0.010103102773427963, -0.008984068408608437, -0.00786503404378891, -0.0067460001446306705, -0.005626966245472431, -0.0045079318806529045, -0.0033888977486640215, -0.0022698636166751385, -0.0011508294846862555, -3.1795352697372437e-05, 0.0010872387792915106, 0.0022062729112803936, 0.0033253070432692766, 0.00444434117525816, 0.005563375540077686, 0.006682409439235926, 0.007801443338394165, 0.008920477703213692, 0.010039512068033218, 0.011158546432852745, 0.012277579866349697, 0.013396614231169224, 0.01451564859598875, 0.015634682029485703, 0.01675371639430523, 0.017872750759124756, 0.018991785123944283, 0.02011081948876381, 0.021229853853583336, 0.022348888218402863, 0.02346792072057724, 0.024586955085396767, 0.025705989450216293, 0.02682502381503582, 0.027944058179855347, 0.029063092544674873, 0.0301821269094944, 0.03130115941166878, 0.03242019563913345, 0.03353922814130783, 0.03465826436877251, 0.035777296870946884]}, "_timestamp": 1713654659.061532, "parameters/graph_131.bias": {"_type": "histogram", "values": [7.0, 3.0, 2.0, 4.0, 3.0, 5.0, 4.0, 5.0, 7.0, 3.0, 8.0, 2.0, 3.0, 1.0, 2.0, 4.0, 4.0, 5.0, 4.0, 3.0, 7.0, 3.0, 4.0, 4.0, 2.0, 3.0, 6.0, 0.0, 3.0, 2.0, 7.0, 5.0, 3.0, 2.0, 4.0, 4.0, 2.0, 6.0, 5.0, 3.0, 4.0, 6.0, 6.0, 1.0, 3.0, 2.0, 4.0, 2.0, 5.0, 2.0, 5.0, 6.0, 8.0, 7.0, 5.0, 6.0, 3.0, 5.0, 6.0, 3.0, 5.0, 2.0, 4.0, 2.0], "bins": [-0.035498589277267456, -0.03438588231801987, -0.033273179084062576, -0.032160475850105286, -0.031047768890857697, -0.029935063794255257, -0.028822358697652817, -0.027709653601050377, -0.026596948504447937, -0.025484243407845497, -0.024371538311243057, -0.023258833214640617, -0.022146128118038177, -0.021033423021435738, -0.019920717924833298, -0.018808012828230858, -0.017695307731628418, -0.016582602635025978, -0.015469897538423538, -0.014357192441821098, -0.013244487345218658, -0.012131782248616219, -0.011019077152013779, -0.009906372055411339, -0.008793666958808899, -0.007680961862206459, -0.006568256765604019, -0.005455551669001579, -0.004342846572399139, -0.0032301414757966995, -0.0021174363791942596, -0.0010047312825918198, 0.00010797753930091858, 0.0012206826359033585, 0.0023333877325057983, 0.0034460928291082382, 0.004558797925710678, 0.005671503022313118, 0.006784208118915558, 0.007896913215517998, 0.009009618312120438, 0.010122323408722878, 0.011235028505325317, 0.012347733601927757, 0.013460438698530197, 0.014573143795132637, 0.015685848891735077, 0.016798553988337517, 0.017911259084939957, 0.019023964181542397, 0.020136669278144836, 0.021249374374747276, 0.022362079471349716, 0.023474784567952156, 0.024587489664554596, 0.025700194761157036, 0.026812899857759476, 0.027925604954361916, 0.029038310050964355, 0.030151015147566795, 0.031263720244169235, 0.032376423478126526, 0.033489130437374115, 0.034601837396621704, 0.035714540630578995]}, "parameters/graph_134.weight": {"_type": "histogram", "values": [40.0, 43.0, 35.0, 42.0, 52.0, 51.0, 54.0, 36.0, 39.0, 39.0, 52.0, 37.0, 42.0, 43.0, 35.0, 44.0, 37.0, 32.0, 38.0, 44.0, 39.0, 37.0, 44.0, 44.0, 43.0, 34.0, 36.0, 39.0, 41.0, 31.0, 39.0, 40.0, 42.0, 34.0, 40.0, 37.0, 43.0, 42.0, 57.0, 34.0, 36.0, 40.0, 28.0, 45.0, 41.0, 43.0, 40.0, 40.0, 38.0, 39.0, 32.0, 45.0, 43.0, 40.0, 30.0, 37.0, 51.0, 35.0, 24.0, 29.0, 41.0, 45.0, 46.0, 41.0], "bins": [-0.06263288110494614, -0.06067729741334915, -0.05872171372175217, -0.05676613003015518, -0.0548105463385582, -0.05285496637225151, -0.050899382680654526, -0.04894379898905754, -0.046988215297460556, -0.04503263160586357, -0.043077047914266586, -0.0411214642226696, -0.039165884256362915, -0.03721030056476593, -0.035254716873168945, -0.03329913318157196, -0.031343549489974976, -0.02938796579837799, -0.027432382106781006, -0.02547680027782917, -0.023521216586232185, -0.0215656328946352, -0.019610051065683365, -0.01765446737408638, -0.015698883682489395, -0.01374329999089241, -0.011787717230618, -0.00983213447034359, -0.007876550778746605, -0.005920967552810907, -0.00396538432687521, -0.0020098011009395123, -5.42178750038147e-05, 0.0019013653509318829, 0.0038569485768675804, 0.005812531802803278, 0.0077681150287389755, 0.00972369872033596, 0.01167928148061037, 0.013634864240884781, 0.015590447932481766, 0.01754603162407875, 0.019501615315675735, 0.02145719714462757, 0.023412780836224556, 0.02536836452782154, 0.027323946356773376, 0.02927953004837036, 0.031235113739967346, 0.03319069743156433, 0.035146281123161316, 0.0371018648147583, 0.039057448506355286, 0.04101302847266197, 0.04296861216425896, 0.04492419585585594, 0.04687977954745293, 0.04883536323904991, 0.050790946930646896, 0.05274653062224388, 0.05470211058855057, 0.05665769428014755, 0.05861327797174454, 0.06056886166334152, 0.06252444535493851]}, "parameters/graph_134.bias": {"_type": "histogram", "values": [2.0, 0.0, 0.0, 0.0, 0.0, 0.0, 0.0, 0.0, 0.0, 0.0, 0.0, 0.0, 0.0, 0.0, 0.0, 3.0, 0.0, 0.0, 1.0, 0.0, 0.0, 0.0, 0.0, 0.0, 0.0, 0.0, 0.0, 0.0, 0.0, 0.0, 0.0, 0.0, 1.0, 0.0, 0.0, 0.0, 0.0, 0.0, 0.0, 0.0, 0.0, 0.0, 0.0, 1.0, 0.0, 0.0, 0.0, 0.0, 0.0, 0.0, 0.0, 0.0, 0.0, 0.0, 1.0, 0.0, 0.0, 0.0, 0.0, 0.0, 0.0, 0.0, 0.0, 1.0], "bins": [-0.06097583472728729, -0.05961185321211815, -0.058247871696949005, -0.05688389018177986, -0.05551990866661072, -0.054155927151441574, -0.05279194563627243, -0.05142796412110329, -0.05006398260593414, -0.048700001090765, -0.047336019575595856, -0.04597203806042671, -0.04460805654525757, -0.043244075030088425, -0.04188009351491928, -0.04051611199975014, -0.039152130484580994, -0.03778814524412155, -0.03642416372895241, -0.035060182213783264, -0.03369620069861412, -0.03233221918344498, -0.030968239530920982, -0.02960425801575184, -0.028240274637937546, -0.026876293122768402, -0.02551231160759926, -0.024148330092430115, -0.02278434857726097, -0.021420367062091827, -0.020056385546922684, -0.01869240403175354, -0.017328424379229546, -0.015964442864060402, -0.014600461348891258, -0.013236479833722115, -0.011872498318552971, -0.010508515872061253, -0.009144534356892109, -0.007780552841722965, -0.0064165713265538216, -0.005052589811384678, -0.0036886080633848906, -0.0023246263153851032, -0.0009606448002159595, 0.00040333683136850595, 0.0017673184629529715, 0.003131300210952759, 0.0044952817261219025, 0.005859263241291046, 0.00722324475646019, 0.008587226271629333, 0.009951207786798477, 0.011315190233290195, 0.01267917174845934, 0.014043153263628483, 0.015407134778797626, 0.016771117225289345, 0.01813509874045849, 0.019499080255627632, 0.020863061770796776, 0.02222704328596592, 0.023591024801135063, 0.024955006316304207, 0.02631898783147335]}, "gradients/graph_134.bias": {"_type": "histogram",