{"parameters/graph_11.weight": {"_type": "histogram", "values": [1.0, 0.0, 0.0, 3.0, 4.0, 10.0, 9.0, 12.0, 16.0, 29.0, 51.0, 62.0, 93.0, 138.0, 222.0, 331.0, 508.0, 731.0, 1156.0, 1769.0, 2652.0, 4014.0, 6890.0, 21364.0, 31049.0, 32122.0, 31848.0, 30423.0, 20810.0, 5839.0, 2918.0, 1856.0, 1273.0, 773.0, 541.0, 363.0, 241.0, 181.0, 131.0, 74.0, 49.0, 38.0, 26.0, 20.0, 15.0, 12.0, 9.0, 7.0, 4.0, 7.0, 3.0, 1.0, 1.0, 0.0, 1.0, 1.0, 0.0, 1.0, 0.0, 1.0, 0.0, 0.0, 0.0, 1.0], "bins": [-0.34731462597846985, -0.3338891267776489, -0.320463627576828, -0.3070381283760071, -0.29361262917518616, -0.28018712997436523, -0.2667616307735443, -0.2533361315727234, -0.23991061747074127, -0.22648511826992035, -0.21305961906909943, -0.1996341198682785, -0.1862086057662964, -0.17278310656547546, -0.15935760736465454, -0.14593210816383362, -0.1325066089630127, -0.11908110976219177, -0.10565561056137085, -0.09223010390996933, -0.07880460470914841, -0.06537910550832748, -0.05195360258221626, -0.03852809965610504, -0.02510260045528412, -0.011677099391818047, 0.0017484016716480255, 0.015173902735114098, 0.02859940379858017, 0.04202490299940109, 0.055450405925512314, 0.06887590885162354, 0.08230143785476685, 0.09572693705558777, 0.10915243625640869, 0.12257794290781021, 0.13600343465805054, 0.14942894876003265, 0.16285444796085358, 0.1762799471616745, 0.18970544636249542, 0.20313094556331635, 0.21655644476413727, 0.2299819439649582, 0.2434074580669403, 0.25683295726776123, 0.27025845646858215, 0.2836839556694031, 0.297109454870224, 0.3105349540710449, 0.32396045327186584, 0.33738595247268677, 0.3508114516735077, 0.3642369508743286, 0.37766245007514954, 0.39108794927597046, 0.40451347827911377, 0.4179389774799347, 0.4313644766807556, 0.44478997588157654, 0.45821547508239746, 0.4716409742832184, 0.4850664734840393, 0.49849197268486023, 0.5119174718856812]}, "_timestamp": 1713646066.06302, "parameters/graph_11.bias": {"_type": "histogram", "values": [2.0, 0.0, 0.0, 0.0, 0.0, 1.0, 0.0, 0.0, 1.0, 0.0, 1.0, 0.0, 0.0, 1.0, 0.0, 4.0, 2.0, 2.0, 7.0, 6.0, 4.0, 3.0, 4.0, 2.0, 6.0, 4.0, 6.0, 7.0, 4.0, 10.0, 11.0, 8.0, 5.0, 6.0, 5.0, 5.0, 6.0, 5.0, 11.0, 4.0, 5.0, 14.0, 11.0, 2.0, 11.0, 7.0, 5.0, 6.0, 6.0, 5.0, 5.0, 3.0, 6.0, 4.0, 7.0, 4.0, 3.0, 3.0, 0.0, 2.0, 2.0, 1.0, 0.0, 1.0], "bins": [-0.08041810989379883, -0.07847565412521362, -0.07653319835662842, -0.07459074258804321, -0.07264828681945801, -0.0707058310508728, -0.0687633827328682, -0.06682092696428299, -0.06487847119569778, -0.06293601542711258, -0.060993559658527374, -0.05905110388994217, -0.057108648121356964, -0.05516619235277176, -0.05322374030947685, -0.05128128454089165, -0.04933882877230644, -0.04739637300372124, -0.04545391723513603, -0.043511465191841125, -0.04156900942325592, -0.039626553654670715, -0.03768409788608551, -0.035741642117500305, -0.0337991863489151, -0.031856734305620193, -0.02991427853703499, -0.027971822768449783, -0.026029366999864578, -0.024086913093924522, -0.022144457325339317, -0.02020200341939926, -0.018259551376104355, -0.01631709560751915, -0.014374641701579094, -0.012432185932993889, -0.010489731095731258, -0.008547276258468628, -0.00660482095554471, -0.004662365652620792, -0.002719910815358162, -0.0007774557452648878, 0.0011649993248283863, 0.0031074543949216604, 0.0050499094650149345, 0.006992364302277565, 0.00893482007086277, 0.0108772749081254, 0.012819729745388031, 0.014762184582650661, 0.016704639419913292, 0.018647095188498497, 0.020589549094438553, 0.022532004863023758, 0.024474460631608963, 0.02641691453754902, 0.028359370306134224, 0.03030182607471943, 0.032244279980659485, 0.03418673574924469, 0.036129191517829895, 0.0380716472864151, 0.04001409932971001, 0.04195655509829521, 0.04389901086688042]}, "parameters/graph_14.weight": {"_type": "histogram", "values": [3.0, 1.0, 2.0, 1.0, 5.0, 5.0, 13.0, 10.0, 19.0, 27.0, 36.0, 49.0, 63.0, 101.0, 137.0, 159.0, 244.0, 359.0, 284.0, 299.0, 215.0, 127.0, 54.0, 43.0, 31.0, 24.0, 24.0, 26.0, 16.0, 22.0, 21.0, 12.0, 12.0, 20.0, 15.0, 12.0, 12.0, 2.0, 10.0, 5.0, 8.0, 5.0, 6.0, 3.0, 2.0, 4.0, 4.0, 1.0, 2.0, 1.0, 0.0, 1.0, 0.0, 0.0, 0.0, 0.0, 0.0, 1.0, 0.0, 1.0, 0.0, 0.0, 0.0, 1.0], "bins": [-0.4494982063770294, -0.42591139674186707, -0.4023245871067047, -0.37873777747154236, -0.35515096783638, -0.33156415820121765, -0.3079773485660553, -0.28439053893089294, -0.260803759098053, -0.23721693456172943, -0.21363012492656708, -0.19004331529140472, -0.16645652055740356, -0.1428697109222412, -0.11928290128707886, -0.0956960916519165, -0.07210928201675415, -0.0485224723815918, -0.024935666471719742, -0.0013488586992025375, 0.022237949073314667, 0.04582475870847702, 0.06941156089305878, 0.09299837052822113, 0.11658518016338348, 0.14017198979854584, 0.1637587994337082, 0.18734560906887054, 0.2109324038028717, 0.23451921343803406, 0.2581060230731964, 0.28169283270835876, 0.3052796721458435, 0.32886648178100586, 0.3524532914161682, 0.37604010105133057, 0.3996269106864929, 0.4232137203216553, 0.4468005299568176, 0.47038733959198, 0.49397414922714233, 0.5175609588623047, 0.541147768497467, 0.5647345781326294, 0.5883213877677917, 0.6119081974029541, 0.6354950070381165, 0.6590818166732788, 0.6826685667037964, 0.7062553763389587, 0.7298421859741211, 0.7534289956092834, 0.7770158052444458, 0.8006026148796082, 0.8241894245147705, 0.8477762341499329, 0.8713630437850952, 0.8949498534202576, 0.9185366630554199, 0.9421234726905823, 0.9657102823257446, 0.989297091960907, 1.0128839015960693, 1.0364707708358765, 1.060057520866394]}, "parameters/graph_14.bias": {"_type": "histogram", "values": [1.0, 0.0, 0.0, 0.0, 0.0, 1.0, 0.0, 0.0, 0.0, 0.0, 0.0, 0.0, 0.0, 0.0, 0.0, 0.0, 1.0, 0.0, 0.0, 1.0, 0.0, 2.0, 0.0, 0.0, 0.0, 0.0, 0.0, 0.0, 0.0, 0.0, 0.0, 0.0, 0.0, 0.0, 0.0, 0.0, 0.0, 0.0, 1.0, 0.0, 1.0, 0.0, 0.0, 0.0, 0.0, 0.0, 0.0, 0.0, 0.0, 0.0, 0.0, 0.0, 0.0, 0.0, 0.0, 1.0, 0.0, 0.0, 0.0, 0.0, 0.0, 0.0, 0.0, 1.0], "bins": [-0.041323572397232056, -0.03967439383268356, -0.03802521526813507, -0.03637603670358658, -0.034726858139038086, -0.033077679574489594, -0.0314284972846508, -0.02977932058274746, -0.028130140155553818, -0.026480961591005325, -0.024831783026456833, -0.02318260446190834, -0.021533425897359848, -0.019884247332811356, -0.018235066905617714, -0.01658588834106922, -0.014936709776520729, -0.013287531211972237, -0.01163835171610117, -0.009989173151552677, -0.00833999365568161, -0.006690815091133118, -0.005041636526584625, -0.0033924574963748455, -0.0017432784661650658, -9.409955237060785e-05, 0.00155507936142385, 0.003204258158802986, 0.004853437189012766, 0.006502616219222546, 0.008151794783771038, 0.009800974279642105, 0.011450152844190598, 0.01309933140873909, 0.014748510904610157, 0.016397690400481224, 0.018046868965029716, 0.01969604752957821, 0.0213452260941267, 0.022994404658675194, 0.024643585085868835, 0.026292763650417328, 0.02794194221496582, 0.029591120779514313, 0.031240299344062805, 0.0328894779086113, 0.03453865647315979, 0.03618783503770828, 0.037837013602256775, 0.039486195892095566, 0.04113537445664406, 0.04278455302119255, 0.04443373158574104, 0.046082910150289536, 0.04773208871483803, 0.04938126727938652, 0.05103044584393501, 0.052679624408483505, 0.054328802973032, 0.05597798526287079, 0.05762716382741928, 0.05927634239196777, 0.060925520956516266, 0.06257469952106476, 0.06422387808561325]}, "gradients/graph_14.bias": {"_type": "histogram", "values": [9.0, 0.0, 0.0, 0.0, 0.0, 0.0, 0.0, 0.0, 0.0, 0.0, 0.0, 0.0, 0.0, 0.0, 0.0, 0.0, 0.0, 0.0, 0.0, 0.0, 0.0, 0.0, 0.0, 0.0, 0.0, 0.0, 0.0, 0.0, 0.0, 0.0, 0.0, 0.0, 0.0, 0.0, 0.0, 0.0, 0.0, 0.0, 0.0, 0.0, 0.0, 0.0, 0.0, 0.0, 0.0, 0.0, 0.0, 0.0, 0.0, 0.0, 0.0, 0.0, 0.0, 0.0, 0.0, 0.0, 0.0, 0.0, 0.0, 0.0, 0.0, 0.0, 0.0, 1.0],