{"parameters/graph_21.weight": {"_type": "histogram", "values": [1.0, 2.0, 5.0, 5.0, 6.0, 9.0, 19.0, 16.0, 32.0, 39.0, 67.0, 119.0, 188.0, 305.0, 513.0, 904.0, 2241.0, 5215.0, 6429.0, 6947.0, 7413.0, 7502.0, 7720.0, 7528.0, 7793.0, 7734.0, 7831.0, 7847.0, 7629.0, 7731.0, 7741.0, 7718.0, 7891.0, 7743.0, 7763.0, 7837.0, 7681.0, 7670.0, 7586.0, 7536.0, 7176.0, 6561.0, 4360.0, 1868.0, 1207.0, 840.0, 583.0, 394.0, 275.0, 148.0, 103.0, 67.0, 58.0, 42.0, 23.0, 16.0, 7.0, 6.0, 5.0, 4.0, 2.0, 0.0, 0.0, 3.0], "bins": [-0.08419516682624817, -0.08140202611684799, -0.07860888540744781, -0.07581573724746704, -0.07302259653806686, -0.07022945582866669, -0.06743631511926651, -0.06464316695928574, -0.06185002624988556, -0.05905688554048538, -0.056263744831085205, -0.05347060039639473, -0.05067745968699455, -0.04788431525230408, -0.0450911745429039, -0.042298030108213425, -0.03950488939881325, -0.03671174868941307, -0.033918604254722595, -0.03112546168267727, -0.028332319110631943, -0.025539178401231766, -0.02274603582918644, -0.019952893257141113, -0.017159750685095787, -0.01436660811305046, -0.011573465541005135, -0.008780323900282383, -0.005987181328237057, -0.003194038989022374, -0.0004008966498076916, 0.002392245689406991, 0.005185388028621674, 0.007978530600667, 0.010771673172712326, 0.013564814813435078, 0.01635795831680298, 0.019151099026203156, 0.021944241598248482, 0.024737384170293808, 0.027530526742339134, 0.03032366931438446, 0.03311681002378464, 0.03590995445847511, 0.03870309516787529, 0.041496239602565765, 0.04428938031196594, 0.04708252474665642, 0.049875665456056595, 0.05266880616545677, 0.05546195060014725, 0.058255091309547424, 0.0610482357442379, 0.06384138017892838, 0.06663452088832855, 0.06942766159772873, 0.0722208023071289, 0.07501394301652908, 0.07780709117650986, 0.08060023188591003, 0.08339337259531021, 0.08618651330471039, 0.08897966146469116, 0.09177280217409134, 0.09456594288349152]}, "_timestamp": 1713646146.523595, "parameters/graph_21.bias": {"_type": "histogram", "values": [1.0, 0.0, 0.0, 0.0, 3.0, 3.0, 3.0, 2.0, 5.0, 3.0, 7.0, 2.0, 5.0, 7.0, 5.0, 4.0, 4.0, 2.0, 3.0, 5.0, 4.0, 4.0, 5.0, 4.0, 4.0, 4.0, 5.0, 5.0, 5.0, 3.0, 7.0, 5.0, 5.0, 0.0, 2.0, 10.0, 5.0, 4.0, 7.0, 9.0, 1.0, 5.0, 2.0, 3.0, 4.0, 3.0, 4.0, 4.0, 4.0, 3.0, 5.0, 6.0, 2.0, 3.0, 2.0, 6.0, 6.0, 5.0, 2.0, 10.0, 4.0, 2.0, 7.0, 2.0], "bins": [-0.0376322939991951, -0.036418844014406204, -0.03520539402961731, -0.033991944044828415, -0.03277849406003952, -0.031565044075250626, -0.03035159222781658, -0.029138142243027687, -0.027924692258238792, -0.026711242273449898, -0.025497792288661003, -0.02428434230387211, -0.023070890456438065, -0.02185744047164917, -0.020643990486860275, -0.01943054050207138, -0.018217090517282486, -0.01700364053249359, -0.015790190547704697, -0.014576739631593227, -0.013363289646804333, -0.012149839662015438, -0.010936388745903969, -0.009722938761115074, -0.00850948877632618, -0.007296038791537285, -0.006082588341087103, -0.004869137890636921, -0.0036556879058480263, -0.002442237688228488, -0.0012287874706089497, -1.5337252989411354e-05, 0.001198112964630127, 0.0024115631822496653, 0.0036250133998692036, 0.0048384638503193855, 0.00605191383510828, 0.007265363819897175, 0.008478814736008644, 0.009692264720797539, 0.010905714705586433, 0.012119164690375328, 0.013332614675164223, 0.014546065591275692, 0.01575951650738716, 0.016972966492176056, 0.01818641647696495, 0.019399866461753845, 0.02061331644654274, 0.021826766431331635, 0.02304021641612053, 0.024253666400909424, 0.02546711638569832, 0.026680568233132362, 0.027894018217921257, 0.02910746820271015, 0.030320918187499046, 0.03153437003493309, 0.032747820019721985, 0.03396127000451088, 0.035174719989299774, 0.03638816997408867, 0.037601619958877563, 0.03881506994366646, 0.04002851992845535]}, "parameters/graph_24.weight": {"_type": "histogram", "values": [1.0, 0.0, 1.0, 1.0, 3.0, 3.0, 3.0, 4.0, 12.0, 12.0, 26.0, 21.0, 34.0, 44.0, 46.0, 45.0, 54.0, 59.0, 89.0, 84.0, 106.0, 120.0, 95.0, 127.0, 108.0, 85.0, 103.0, 91.0, 83.0, 93.0, 81.0, 107.0, 73.0, 106.0, 99.0, 74.0, 45.0, 55.0, 48.0, 42.0, 45.0, 30.0, 31.0, 31.0, 17.0, 15.0, 15.0, 17.0, 23.0, 5.0, 13.0, 8.0, 9.0, 3.0, 2.0, 4.0, 2.0, 3.0, 2.0, 0.0, 0.0, 1.0, 0.0, 1.0], "bins": [-0.19566331803798676, -0.1886308193206787, -0.18159832060337067, -0.17456582188606262, -0.16753333806991577, -0.16050083935260773, -0.15346834063529968, -0.14643584191799164, -0.1394033432006836, -0.13237084448337555, -0.1253383457660675, -0.11830585449934006, -0.11127335578203201, -0.10424085706472397, -0.09720836579799652, -0.09017586708068848, -0.08314336836338043, -0.07611086964607239, -0.06907837092876434, -0.062045879662036896, -0.05501338094472885, -0.04798088222742081, -0.04094838723540306, -0.033915892243385315, -0.02688339352607727, -0.019850896671414375, -0.01281839981675148, -0.005785902962088585, 0.0012465938925743103, 0.008279090747237206, 0.0153115876019001, 0.022344084456562996, 0.029376596212387085, 0.03640909492969513, 0.043441589921712875, 0.05047408491373062, 0.057506583631038666, 0.06453908234834671, 0.07157157361507416, 0.0786040723323822, 0.08563657104969025, 0.09266906976699829, 0.09970156848430634, 0.10673405975103378, 0.11376655846834183, 0.12079905718564987, 0.12783154845237732, 0.13486404716968536, 0.1418965458869934, 0.14892904460430145, 0.1559615433216095, 0.16299404203891754, 0.17002654075622559, 0.17705902457237244, 0.18409152328968048, 0.19112402200698853, 0.19815652072429657, 0.20518901944160461, 0.21222151815891266, 0.2192540168762207, 0.22628650069236755, 0.2333189994096756, 0.24035149812698364, 0.2473839968442917, 0.25441649556159973]}, "parameters/graph_24.bias": {"_type": "histogram", "values": [1.0, 0.0, 1.0, 0.0, 0.0, 0.0, 0.0, 0.0, 0.0, 1.0, 1.0, 0.0, 0.0, 0.0, 0.0, 0.0, 0.0, 0.0, 0.0, 0.0, 0.0, 0.0, 0.0, 0.0, 0.0, 0.0, 0.0, 0.0, 0.0, 0.0, 1.0, 1.0, 0.0, 0.0, 0.0, 0.0, 0.0, 1.0, 0.0, 0.0, 0.0, 0.0, 0.0, 0.0, 1.0, 0.0, 0.0, 0.0, 0.0, 0.0, 0.0, 0.0, 0.0, 1.0, 0.0, 0.0, 0.0, 0.0, 0.0, 0.0, 0.0, 0.0, 0.0, 1.0], "bins": [-0.04751519858837128, -0.04606755077838898, -0.044619906693696976, -0.043172258883714676, -0.041724614799022675, -0.040276966989040375, -0.03882932290434837, -0.037381675094366074, -0.03593403100967407, -0.03448638319969177, -0.03303873538970947, -0.03159109130501747, -0.03014344349503517, -0.02869579754769802, -0.02724815160036087, -0.02580050565302372, -0.02435285970568657, -0.02290521375834942, -0.021457567811012268, -0.020009921863675117, -0.018562275916337967, -0.017114628106355667, -0.015666982159018517, -0.014219336211681366, -0.012771690264344215, -0.011324044317007065, -0.009876398369669914, -0.008428751491010189, -0.0069811055436730385, -0.005533459596335888, -0.00408581318333745, -0.002638167003169656, -0.0011905208230018616, 0.00025712535716593266, 0.0017047715373337269, 0.003152417717501521, 0.004600063897669315, 0.006047709845006466, 0.007495356258004904, 0.008943002671003342, 0.010390648618340492, 0.011838294565677643, 0.013285940513014793, 0.014733587391674519, 0.016181234270334244, 0.017628880217671394, 0.019076526165008545, 0.020524172112345695, 0.021971818059682846, 0.023419464007019997, 0.024867109954357147, 0.026314755901694298, 0.02776240184903145, 0.029210049659013748, 0.0306576956063509, 0.03210534155368805, 0.03355298936367035, 0.03500063344836235, 0.03644828125834465, 0.03789592534303665, 0.03934357315301895, 0.04079121723771095, 0.04223886504769325, 0.043686509132385254, 0.045134156942367554]}, "gradients/graph_24.bias": {"_type": "histogram", "values": [1.0, 1.0, 0.0, 0.0, 0.0, 0.0, 0.0, 0.0, 0.0, 1.0, 0.0, 0.0, 0.0, 0.0, 0.0, 0.0, 0.0, 0.0, 6.0, 0.0, 0.0, 0.0, 0.0, 0.0, 0.0, 0.0, 0.0, 0.0, 0.0, 0.0, 0.0, 0.0, 0.0, 0.0, 0.0, 0.0, 0.0, 0.0, 0.0, 0.0, 0.0, 0.0, 0.0, 0.0, 0.0, 0.0, 0.0, 0.0, 0.0, 0.0, 0.0, 0.0, 0.0, 0.0, 0.0, 0.0, 0.0, 0.0, 0.0, 0.0, 0.0, 0.0, 0.0, 1.0],