{"parameters/graph_81.weight": {"_type": "histogram", "values": [3.0, 4.0, 1.0, 6.0, 9.0, 21.0, 26.0, 40.0, 50.0, 100.0, 141.0, 242.0, 432.0, 747.0, 2218.0, 4832.0, 5925.0, 6231.0, 6512.0, 6655.0, 6887.0, 6805.0, 6909.0, 6938.0, 6942.0, 7056.0, 7003.0, 7000.0, 6991.0, 6986.0, 7070.0, 7045.0, 7111.0, 6934.0, 6986.0, 6944.0, 6993.0, 6972.0, 6809.0, 6861.0, 6594.0, 6431.0, 5688.0, 3357.0, 1569.0, 1088.0, 728.0, 553.0, 396.0, 276.0, 171.0, 140.0, 100.0, 54.0, 36.0, 33.0, 20.0, 17.0, 8.0, 2.0, 2.0, 3.0, 0.0, 1.0], "bins": [-0.07438444346189499, -0.07187534868717194, -0.06936624646186829, -0.06685715168714523, -0.06434805691242218, -0.06183895841240883, -0.05932985991239548, -0.056820765137672424, -0.05431166663765907, -0.05180256813764572, -0.04929347336292267, -0.04678437486290932, -0.044275276362895966, -0.04176618158817291, -0.03925708308815956, -0.03674798831343651, -0.03423888981342316, -0.031729791313409805, -0.029220696538686752, -0.0267115980386734, -0.0242025014013052, -0.021693404763936996, -0.019184306263923645, -0.016675209626555443, -0.01416611298918724, -0.011657016351819038, -0.009147918783128262, -0.006638821680098772, -0.0041297245770692825, -0.001620627474039793, 0.0008884696289896965, 0.003397566732019186, 0.005906656384468079, 0.00841575302183628, 0.010924850590527058, 0.013433948159217834, 0.015943044796586037, 0.01845214143395424, 0.02096123993396759, 0.023470336571335793, 0.025979433208703995, 0.028488529846072197, 0.0309976264834404, 0.03350672498345375, 0.0360158234834671, 0.038524918258190155, 0.041034016758203506, 0.04354311153292656, 0.04605221003293991, 0.04856130853295326, 0.051070403307676315, 0.05357950180768967, 0.05608859658241272, 0.05859769508242607, 0.06110679358243942, 0.06361588835716248, 0.06612499058246613, 0.06863408535718918, 0.07114318013191223, 0.07365227490663528, 0.07616137713193893, 0.07867047190666199, 0.08117956668138504, 0.08368866890668869, 0.08619776368141174]}, "_timestamp": 1713646892.374772, "parameters/graph_81.bias": {"_type": "histogram", "values": [1.0, 0.0, 0.0, 3.0, 0.0, 1.0, 3.0, 1.0, 6.0, 2.0, 3.0, 6.0, 2.0, 8.0, 6.0, 5.0, 5.0, 3.0, 0.0, 2.0, 6.0, 5.0, 6.0, 5.0, 9.0, 5.0, 5.0, 4.0, 3.0, 3.0, 9.0, 3.0, 5.0, 2.0, 2.0, 4.0, 6.0, 7.0, 8.0, 7.0, 3.0, 8.0, 5.0, 5.0, 1.0, 2.0, 6.0, 6.0, 5.0, 2.0, 5.0, 6.0, 7.0, 7.0, 1.0, 5.0, 3.0, 4.0, 4.0, 1.0, 1.0, 1.0, 3.0, 4.0], "bins": [-0.03765730932354927, -0.03641312196850777, -0.03516893461346626, -0.03392475098371506, -0.03268056362867355, -0.03143637627363205, -0.030192188918590546, -0.02894800342619419, -0.027703816071152687, -0.026459628716111183, -0.02521544322371483, -0.023971255868673325, -0.02272706851363182, -0.021482883021235466, -0.020238695666193962, -0.018994510173797607, -0.017750322818756104, -0.0165061354637146, -0.015261949971318245, -0.014017762616276741, -0.012773576192557812, -0.011529389768838882, -0.010285202413797379, -0.00904101599007845, -0.00779682956635952, -0.006552643142640591, -0.005308456253260374, -0.0040642693638801575, -0.002820082940161228, -0.0015758962836116552, -0.0003317096270620823, 0.0009124770294874907, 0.0021566636860370636, 0.0034008503425866365, 0.0046450369991362095, 0.005889223888516426, 0.007133410312235355, 0.008377596735954285, 0.009621784090995789, 0.010865970514714718, 0.012110156938433647, 0.013354343362152576, 0.014598529785871506, 0.01584271714091301, 0.017086904495954514, 0.018331089988350868, 0.019575277343392372, 0.020819462835788727, 0.02206365019083023, 0.023307837545871735, 0.02455202303826809, 0.025796210393309593, 0.027040395885705948, 0.028284583240747452, 0.029528770595788956, 0.03077295608818531, 0.032017141580581665, 0.03326132893562317, 0.03450551629066467, 0.03574970364570618, 0.03699389100074768, 0.038238078355789185, 0.03948226198554039, 0.040726449340581894, 0.0419706366956234]}, "parameters/graph_84.weight": {"_type": "histogram", "values": [2.0, 1.0, 1.0, 3.0, 1.0, 4.0, 6.0, 8.0, 13.0, 13.0, 14.0, 21.0, 37.0, 27.0, 38.0, 40.0, 51.0, 62.0, 76.0, 88.0, 96.0, 82.0, 95.0, 89.0, 106.0, 106.0, 110.0, 87.0, 95.0, 103.0, 84.0, 79.0, 98.0, 98.0, 82.0, 79.0, 81.0, 64.0, 39.0, 43.0, 41.0, 39.0, 28.0, 17.0, 33.0, 23.0, 27.0, 25.0, 12.0, 11.0, 19.0, 17.0, 6.0, 5.0, 9.0, 3.0, 9.0, 3.0, 5.0, 1.0, 2.0, 2.0, 0.0, 1.0], "bins": [-0.19477511942386627, -0.1880037784576416, -0.18123245239257812, -0.17446111142635345, -0.16768977046012878, -0.1609184294939041, -0.15414708852767944, -0.14737576246261597, -0.1406044214963913, -0.13383308053016663, -0.12706175446510315, -0.12029041349887848, -0.11351907253265381, -0.10674773156642914, -0.09997639805078506, -0.09320506453514099, -0.08643372356891632, -0.07966238260269165, -0.07289104908704758, -0.0661197155714035, -0.05934837460517883, -0.05257703736424446, -0.04580570012331009, -0.03903436288237572, -0.032263025641441345, -0.025491688400506973, -0.0187203511595726, -0.01194901391863823, -0.005177676677703857, 0.0015936605632305145, 0.008364997804164886, 0.015136335045099258, 0.021907687187194824, 0.028679024428129196, 0.03545036166906357, 0.04222169890999794, 0.04899303615093231, 0.055764373391866684, 0.06253571063280106, 0.06930704414844513, 0.0760783851146698, 0.08284972608089447, 0.08962105959653854, 0.09639239311218262, 0.10316373407840729, 0.10993507504463196, 0.11670640856027603, 0.1234777420759201, 0.13024908304214478, 0.13702042400836945, 0.14379176497459412, 0.1505630910396576, 0.15733443200588226, 0.16410577297210693, 0.1708770990371704, 0.17764844000339508, 0.18441978096961975, 0.19119112193584442, 0.1979624629020691, 0.20473378896713257, 0.21150512993335724, 0.2182764708995819, 0.22504779696464539, 0.23181913793087006, 0.23859047889709473]}, "parameters/graph_84.bias": {"_type": "histogram", "values": [1.0, 0.0, 0.0, 0.0, 0.0, 0.0, 0.0, 0.0, 0.0, 0.0, 0.0, 1.0, 0.0, 0.0, 0.0, 0.0, 0.0, 0.0, 1.0, 0.0, 0.0, 0.0, 1.0, 0.0, 1.0, 0.0, 0.0, 0.0, 0.0, 0.0, 0.0, 0.0, 0.0, 0.0, 0.0, 0.0, 0.0, 0.0, 1.0, 0.0, 0.0, 1.0, 0.0, 0.0, 0.0, 0.0, 0.0, 1.0, 0.0, 0.0, 0.0, 0.0, 0.0, 0.0, 0.0, 0.0, 0.0, 0.0, 0.0, 0.0, 1.0, 0.0, 0.0, 1.0], "bins": [-0.0725160539150238, -0.07058843970298767, -0.06866082549095154, -0.06673320382833481, -0.06480558961629868, -0.06287797540426254, -0.06095036119222641, -0.05902274325489998, -0.057095129042863846, -0.05516751483082771, -0.05323989689350128, -0.05131228268146515, -0.049384668469429016, -0.047457050532102585, -0.04552943632006645, -0.04360181838274002, -0.04167420417070389, -0.039746589958667755, -0.037818972021341324, -0.03589135780930519, -0.03396373987197876, -0.03203612565994263, -0.030108511447906494, -0.028180895373225212, -0.02625327929854393, -0.024325663223862648, -0.022398047149181366, -0.020470432937145233, -0.01854281686246395, -0.01661520078778267, -0.014687585644423962, -0.012759970501065254, -0.01083235815167427, -0.008904742076992989, -0.006977126933634281, -0.005049511324614286, -0.0031218957155942917, -0.001194280106574297, 0.0007333355024456978, 0.0026609511114656925, 0.004588566720485687, 0.006516182329505682, 0.008443797938525677, 0.010371413081884384, 0.012299029156565666, 0.014226645231246948, 0.01615425944328308, 0.018081875517964363, 0.020009491592645645, 0.021937107667326927, 0.02386472374200821, 0.025792337954044342, 0.027719954028725624, 0.029647570103406906, 0.03157518431544304, 0.03350280225276947, 0.0354304164648056, 0.037358030676841736, 0.03928564861416817, 0.0412132628262043, 0.04314088076353073, 0.045068494975566864, 0.046996109187603, 0.04892372712492943, 0.05085134133696556]}, "gradients/graph_84.bias": {"_type": "histogram", "values": [1.0, 0.0, 0.0, 0.0, 0.0, 0.0, 0.0, 1.0, 0.0, 0.0, 0.0, 0.0, 0.0, 0.0, 0.0, 0.0, 1.0, 0.0, 0.0, 0.0, 0.0, 0.0, 0.0, 0.0, 0.0, 0.0, 1.0, 0.0, 1.0, 0.0, 1.0, 1.0, 1.0, 0.0, 0.0, 0.0, 0.0, 0.0, 0.0, 0.0, 1.0, 0.0, 0.0, 0.0, 0.0, 0.0, 0.0, 0.0, 0.0, 0.0, 0.0, 0.0, 0.0, 0.0, 0.0, 0.0, 0.0, 0.0, 0.0, 0.0, 0.0, 0.0, 0.0, 1.0],