{"parameters/graph_181.weight": {"_type": "histogram", "values": [1.0, 4.0, 4.0, 7.0, 15.0, 20.0, 40.0, 67.0, 142.0, 243.0, 713.0, 2655.0, 4378.0, 4781.0, 4896.0, 5070.0, 5283.0, 5399.0, 5276.0, 5381.0, 5267.0, 5385.0, 5335.0, 5402.0, 5297.0, 5283.0, 5378.0, 5397.0, 5319.0, 5469.0, 5325.0, 5426.0, 5353.0, 5493.0, 5377.0, 5330.0, 5377.0, 5285.0, 5378.0, 5495.0, 5239.0, 5357.0, 5258.0, 5349.0, 5316.0, 5270.0, 5140.0, 4833.0, 3381.0, 1374.0, 813.0, 594.0, 384.0, 238.0, 133.0, 100.0, 63.0, 47.0, 26.0, 20.0, 11.0, 6.0, 2.0, 4.0], "bins": [-0.05851859226822853, -0.05660238116979599, -0.05468617379665375, -0.05276996269822121, -0.050853751599788666, -0.04893754422664642, -0.04702133312821388, -0.04510512202978134, -0.0431889146566391, -0.04127270355820656, -0.03935649245977402, -0.037440281361341476, -0.035524073988199234, -0.03360786288976669, -0.03169165179133415, -0.02977544255554676, -0.02785923331975937, -0.025943024083971977, -0.024026812985539436, -0.022110603749752045, -0.020194392651319504, -0.018278183415532112, -0.01636197417974472, -0.014445764012634754, -0.012529553845524788, -0.010613343678414822, -0.008697133511304855, -0.006780924275517464, -0.004864714108407497, -0.0029485041741281748, -0.0010322942398488522, 0.0008839156944304705, 0.0028001219034194946, 0.004716332070529461, 0.00663254177197814, 0.008548751473426819, 0.010464961640536785, 0.012381171807646751, 0.014297381043434143, 0.016213592141866684, 0.018129801377654076, 0.020046010613441467, 0.021962221711874008, 0.0238784309476614, 0.02579464018344879, 0.027710851281881332, 0.029627060517668724, 0.031543269753456116, 0.03345948085188866, 0.0353756919503212, 0.03729189932346344, 0.03920811042189598, 0.04112432152032852, 0.043040528893470764, 0.044956739991903305, 0.046872951090335846, 0.04878915846347809, 0.05070536956191063, 0.05262158066034317, 0.05453779175877571, 0.056453999131917953, 0.058370210230350494, 0.060286421328783035, 0.06220262870192528, 0.06411883980035782]}, "_timestamp": 1713655132.624555, "parameters/graph_181.bias": {"_type": "histogram", "values": [2.0, 3.0, 2.0, 3.0, 5.0, 6.0, 0.0, 3.0, 4.0, 1.0, 7.0, 3.0, 7.0, 7.0, 9.0, 1.0, 1.0, 5.0, 6.0, 6.0, 2.0, 2.0, 3.0, 5.0, 1.0, 5.0, 3.0, 4.0, 1.0, 5.0, 3.0, 6.0, 4.0, 7.0, 10.0, 7.0, 3.0, 5.0, 3.0, 3.0, 5.0, 2.0, 6.0, 3.0, 2.0, 8.0, 4.0, 3.0, 1.0, 8.0, 3.0, 2.0, 7.0, 3.0, 4.0, 5.0, 5.0, 4.0, 8.0, 4.0, 4.0, 0.0, 1.0, 1.0], "bins": [-0.03455590084195137, -0.0333530455827713, -0.032150186598300934, -0.030947331339120865, -0.029744476079940796, -0.028541618958115578, -0.02733876183629036, -0.02613590657711029, -0.024933049455285072, -0.023730192333459854, -0.022527337074279785, -0.021324479952454567, -0.02012162283062935, -0.01891876757144928, -0.01771591044962406, -0.016513055190443993, -0.015310198068618774, -0.01410734187811613, -0.012904485687613487, -0.011701628565788269, -0.010498772375285625, -0.009295916184782982, -0.008093059062957764, -0.00689020287245512, -0.0056873466819524765, -0.004484490491449833, -0.003281633835285902, -0.002078777411952615, -0.0008759209886193275, 0.0003269354347139597, 0.001529791858047247, 0.002732648281380534, 0.003935504704713821, 0.005138360895216465, 0.006341217551380396, 0.007544074207544327, 0.00874693039804697, 0.009949786588549614, 0.011152643710374832, 0.012355499900877476, 0.01355835609138012, 0.014761212281882763, 0.015964068472385406, 0.017166925594210625, 0.018369782716035843, 0.019572637975215912, 0.02077549509704113, 0.0219783503562212, 0.023181207478046417, 0.024384064599871635, 0.025586919859051704, 0.026789776980876923, 0.02799263224005699, 0.02919548936188221, 0.030398346483707428, 0.0316012017428875, 0.032804057002067566, 0.03400691598653793, 0.035209771245718, 0.03641262650489807, 0.03761548548936844, 0.03881834074854851, 0.04002119600772858, 0.041224054992198944, 0.04242691025137901]}, "parameters/graph_184.weight": {"_type": "histogram", "values": [1.0, 0.0, 0.0, 5.0, 3.0, 3.0, 9.0, 12.0, 20.0, 20.0, 18.0, 28.0, 56.0, 41.0, 50.0, 66.0, 71.0, 76.0, 83.0, 65.0, 66.0, 98.0, 74.0, 67.0, 82.0, 64.0, 90.0, 77.0, 73.0, 76.0, 70.0, 66.0, 64.0, 78.0, 73.0, 62.0, 66.0, 92.0, 53.0, 49.0, 69.0, 49.0, 62.0, 37.0, 36.0, 40.0, 27.0, 24.0, 25.0, 11.0, 20.0, 16.0, 15.0, 16.0, 8.0, 6.0, 7.0, 8.0, 4.0, 3.0, 3.0, 3.0, 2.0, 2.0], "bins": [-0.12907104194164276, -0.12465356290340424, -0.12023608386516571, -0.11581859737634659, -0.11140111833810806, -0.10698363929986954, -0.10256616026163101, -0.09814868122339249, -0.09373119473457336, -0.08931371569633484, -0.08489623665809631, -0.08047875761985779, -0.07606127858161926, -0.07164379954338074, -0.06722631305456161, -0.06280883401632309, -0.058391354978084564, -0.05397387593984604, -0.049556393176317215, -0.04513891413807869, -0.040721431374549866, -0.03630395233631134, -0.031886473298072815, -0.02746899239718914, -0.023051511496305466, -0.01863403059542179, -0.014216550625860691, -0.009799070656299591, -0.0053815897554159164, -0.0009641093201935291, 0.003453371115028858, 0.007870851084589958, 0.012288331985473633, 0.016705812886357307, 0.021123293787240982, 0.025540772825479507, 0.029958253726363182, 0.03437573462724686, 0.03879321366548538, 0.043210696429014206, 0.04762817546725273, 0.05204565450549126, 0.05646313726902008, 0.060880616307258606, 0.06529809534549713, 0.06971557438373566, 0.07413306087255478, 0.0785505399107933, 0.08296801894903183, 0.08738549798727036, 0.09180297702550888, 0.096220463514328, 0.10063794255256653, 0.10505542159080505, 0.10947290062904358, 0.1138903796672821, 0.11830785870552063, 0.12272534519433975, 0.12714281678199768, 0.1315603107213974, 0.13597778975963593, 0.14039526879787445, 0.14481274783611298, 0.1492302268743515, 0.15364770591259003]}, "parameters/graph_184.bias": {"_type": "histogram", "values": [1.0, 0.0, 1.0, 0.0, 1.0, 0.0, 0.0, 0.0, 0.0, 0.0, 0.0, 0.0, 1.0, 0.0, 0.0, 0.0, 0.0, 0.0, 0.0, 0.0, 0.0, 0.0, 1.0, 0.0, 0.0, 0.0, 0.0, 0.0, 0.0, 0.0, 0.0, 0.0, 0.0, 0.0, 0.0, 0.0, 0.0, 0.0, 0.0, 0.0, 0.0, 0.0, 0.0, 1.0, 0.0, 0.0, 0.0, 0.0, 0.0, 0.0, 0.0, 2.0, 0.0, 0.0, 0.0, 0.0, 1.0, 0.0, 0.0, 0.0, 0.0, 0.0, 0.0, 1.0], "bins": [-0.046306803822517395, -0.04454103857278824, -0.04277527332305908, -0.041009511798620224, -0.03924374654889107, -0.03747798129916191, -0.03571221977472305, -0.033946454524993896, -0.03218068927526474, -0.030414924025535583, -0.028649160638451576, -0.02688339725136757, -0.025117632001638412, -0.023351866751909256, -0.02158610336482525, -0.01982033997774124, -0.018054574728012085, -0.01628880947828293, -0.014523046091198921, -0.01275728177279234, -0.010991517454385757, -0.009225753135979176, -0.007459988817572594, -0.005694224499166012, -0.00392846018075943, -0.002162695862352848, -0.0003969315439462662, 0.0013688327744603157, 0.0031345970928668976, 0.0049003614112734795, 0.006666125729680061, 0.008431890048086643, 0.010197654366493225, 0.011963418684899807, 0.013729183003306389, 0.01549494732171297, 0.017260711640119553, 0.01902647688984871, 0.020792240276932716, 0.022558003664016724, 0.02432376891374588, 0.026089534163475037, 0.027855297550559044, 0.02962106093764305, 0.03138682618737221, 0.033152591437101364, 0.03491835296154022, 0.03668411821126938, 0.038449883460998535, 0.04021564871072769, 0.04198141396045685, 0.043747175484895706, 0.04551294073462486, 0.04727870598435402, 0.04904446750879288, 0.050810232758522034, 0.05257599800825119, 0.05434176325798035, 0.0561075285077095, 0.05787329003214836, 0.05963905528187752, 0.061404820531606674, 0.06317058205604553, 0.06493634730577469, 0.06670211255550385]}, "gradients/graph_184.bias": {"_type": "histogram", "values": [1.0, 0.0, 0.0, 0.0, 0.0, 0.0, 0.0, 0.0, 0.0, 0.0, 0.0, 0.0, 1.0, 1.0, 0.0, 0.0, 0.0, 0.0, 0.0, 0.0, 0.0, 0.0, 0.0, 0.0, 0.0, 0.0, 0.0, 0.0, 0.0, 0.0, 0.0, 1.0, 0.0, 0.0, 0.0, 0.0, 0.0, 1.0, 0.0, 0.0, 0.0, 0.0, 0.0, 1.0, 0.0, 0.0, 0.0, 0.0, 2.0, 0.0, 0.0, 1.0, 0.0, 0.0, 0.0, 0.0, 0.0, 0.0, 0.0, 0.0, 0.0, 0.0, 0.0, 1.0],