{"parameters/graph_171.weight": {"_type": "histogram", "values": [3.0, 2.0, 4.0, 5.0, 5.0, 13.0, 22.0, 34.0, 49.0, 52.0, 102.0, 146.0, 240.0, 300.0, 488.0, 777.0, 1314.0, 3309.0, 5774.0, 6357.0, 6868.0, 7143.0, 7299.0, 7549.0, 7420.0, 7770.0, 7557.0, 7963.0, 7638.0, 7774.0, 7713.0, 7828.0, 7777.0, 7863.0, 7669.0, 7798.0, 7858.0, 7667.0, 7524.0, 7306.0, 7228.0, 7009.0, 5854.0, 3263.0, 1864.0, 1243.0, 944.0, 724.0, 472.0, 315.0, 219.0, 184.0, 126.0, 103.0, 50.0, 41.0, 26.0, 26.0, 18.0, 6.0, 5.0, 2.0, 1.0, 1.0], "bins": [-0.08657082915306091, -0.08377482742071152, -0.08097883313894272, -0.07818283140659332, -0.07538683712482452, -0.07259083539247513, -0.06979484111070633, -0.06699883937835693, -0.06420284509658813, -0.06140684336423874, -0.05861084535717964, -0.055814847350120544, -0.05301884561777115, -0.05022284761071205, -0.047426849603652954, -0.04463085159659386, -0.04183485358953476, -0.03903885558247566, -0.036242857575416565, -0.03344685956835747, -0.03065085969865322, -0.027854861691594124, -0.025058861821889877, -0.02226286381483078, -0.019466865807771683, -0.016670867800712585, -0.013874868862330914, -0.011078869923949242, -0.008282871916890144, -0.00548687344416976, -0.002690874971449375, 0.00010512350127100945, 0.002901114523410797, 0.005697112996131182, 0.008493111468851566, 0.011289110407233238, 0.014085108414292336, 0.016881106421351433, 0.01967710629105568, 0.022473104298114777, 0.025269102305173874, 0.02806510031223297, 0.03086109831929207, 0.033657096326351166, 0.03645309805870056, 0.03924909606575966, 0.042045094072818756, 0.04484109207987785, 0.04763709008693695, 0.05043308809399605, 0.053229086101055145, 0.05602508410811424, 0.05882108211517334, 0.061617083847522736, 0.06441307812929153, 0.06720907986164093, 0.07000507414340973, 0.07280107587575912, 0.07559707760810852, 0.07839307188987732, 0.08118907362222672, 0.08398506790399551, 0.08678106963634491, 0.08957706391811371, 0.0923730656504631]}, "_timestamp": 1713654954.377223, "parameters/graph_171.bias": {"_type": "histogram", "values": [2.0, 1.0, 4.0, 8.0, 3.0, 5.0, 3.0, 1.0, 3.0, 3.0, 6.0, 1.0, 5.0, 8.0, 8.0, 6.0, 6.0, 5.0, 5.0, 4.0, 9.0, 5.0, 5.0, 7.0, 2.0, 4.0, 4.0, 7.0, 2.0, 3.0, 7.0, 3.0, 3.0, 4.0, 6.0, 2.0, 1.0, 3.0, 5.0, 7.0, 5.0, 7.0, 2.0, 5.0, 1.0, 2.0, 4.0, 7.0, 2.0, 3.0, 10.0, 7.0, 5.0, 1.0, 3.0, 6.0, 3.0, 4.0, 0.0, 1.0, 1.0, 0.0, 0.0, 1.0], "bins": [-0.031198080629110336, -0.029979158192873, -0.028760233893990517, -0.02754131145775318, -0.026322387158870697, -0.025103464722633362, -0.023884540423750877, -0.022665617987513542, -0.021446693688631058, -0.020227771252393723, -0.019008848816156387, -0.017789924517273903, -0.016571002081036568, -0.015352078713476658, -0.014133155345916748, -0.012914231978356838, -0.011695308610796928, -0.010476385243237019, -0.009257461875677109, -0.008038538508117199, -0.006819615606218576, -0.005600692238658667, -0.004381769336760044, -0.0031628459692001343, -0.0019439226016402245, -0.0007249993504956365, 0.0004939239006489515, 0.0017128471517935395, 0.0029317704029381275, 0.004150693770498037, 0.00536961667239666, 0.00658854003995657, 0.0078074634075164795, 0.00902638677507639, 0.0102453101426363, 0.011464233510196209, 0.012683156877756119, 0.013902079313993454, 0.015121002681553364, 0.016339926049113274, 0.017558850347995758, 0.018777772784233093, 0.01999669522047043, 0.021215619519352913, 0.022434541955590248, 0.023653466254472733, 0.024872388690710068, 0.026091312989592552, 0.027310235425829887, 0.028529157862067223, 0.029748082160949707, 0.030967004597187042, 0.03218592703342438, 0.03340485319495201, 0.034623775631189346, 0.03584269806742668, 0.03706162050366402, 0.03828054293990135, 0.039499469101428986, 0.04071839153766632, 0.041937313973903656, 0.04315623641014099, 0.044375162571668625, 0.04559408500790596, 0.046813007444143295]}, "parameters/graph_174.weight": {"_type": "histogram", "values": [3.0, 1.0, 0.0, 4.0, 1.0, 4.0, 4.0, 8.0, 12.0, 21.0, 20.0, 30.0, 46.0, 44.0, 53.0, 58.0, 57.0, 68.0, 106.0, 82.0, 107.0, 104.0, 106.0, 103.0, 87.0, 96.0, 99.0, 100.0, 112.0, 89.0, 106.0, 87.0, 94.0, 85.0, 64.0, 61.0, 58.0, 60.0, 46.0, 40.0, 31.0, 23.0, 31.0, 33.0, 20.0, 19.0, 21.0, 12.0, 10.0, 6.0, 6.0, 10.0, 4.0, 2.0, 0.0, 1.0, 0.0, 1.0, 1.0, 1.0, 0.0, 1.0, 0.0, 1.0], "bins": [-0.23472413420677185, -0.22597342729568481, -0.21722270548343658, -0.20847199857234955, -0.19972127676010132, -0.19097056984901428, -0.18221984803676605, -0.17346914112567902, -0.1647184193134308, -0.15596771240234375, -0.1472170054912567, -0.13846628367900848, -0.12971557676792145, -0.12096486240625381, -0.11221414804458618, -0.10346343368291855, -0.09471271932125092, -0.08596200495958328, -0.07721129059791565, -0.06846057623624802, -0.05970986559987068, -0.05095915123820305, -0.042208440601825714, -0.03345772624015808, -0.024707011878490448, -0.015956297516822815, -0.007205585017800331, 0.0015451284125447273, 0.010295841842889786, 0.01904655620455742, 0.027797268703579903, 0.036547981202602386, 0.04529869556427002, 0.05404940992593765, 0.06280012428760529, 0.07155083864927292, 0.08030155301094055, 0.08905225992202759, 0.09780297428369522, 0.10655368864536285, 0.11530440300703049, 0.12405511736869812, 0.13280582427978516, 0.1415565460920334, 0.15030725300312042, 0.15905797481536865, 0.1678086817264557, 0.17655940353870392, 0.18531011044979095, 0.194060817360878, 0.20281153917312622, 0.21156224608421326, 0.2203129678964615, 0.22906367480754852, 0.23781439661979675, 0.2465651035308838, 0.2553158104419708, 0.26406651735305786, 0.2728172540664673, 0.2815679609775543, 0.29031866788864136, 0.2990693747997284, 0.3078201115131378, 0.31657081842422485, 0.3253215253353119]}, "parameters/graph_174.bias": {"_type": "histogram", "values": [1.0, 0.0, 0.0, 0.0, 1.0, 0.0, 0.0, 0.0, 0.0, 0.0, 0.0, 0.0, 0.0, 0.0, 0.0, 0.0, 0.0, 0.0, 0.0, 0.0, 0.0, 0.0, 0.0, 1.0, 0.0, 0.0, 0.0, 1.0, 0.0, 0.0, 0.0, 0.0, 0.0, 0.0, 0.0, 0.0, 0.0, 0.0, 0.0, 1.0, 1.0, 0.0, 0.0, 0.0, 0.0, 0.0, 0.0, 0.0, 0.0, 1.0, 0.0, 0.0, 0.0, 0.0, 0.0, 0.0, 1.0, 0.0, 0.0, 1.0, 0.0, 0.0, 0.0, 1.0], "bins": [-0.06425635516643524, -0.06238054484128952, -0.0605047345161438, -0.05862892419099808, -0.056753113865852356, -0.05487730726599693, -0.05300149694085121, -0.05112568661570549, -0.04924987629055977, -0.04737406596541405, -0.045498255640268326, -0.043622445315122604, -0.04174663871526718, -0.03987082839012146, -0.03799501806497574, -0.03611920773983002, -0.034243397414684296, -0.032367587089538574, -0.030491776764392853, -0.02861596830189228, -0.02674015797674656, -0.024864347651600838, -0.022988539189100266, -0.021112728863954544, -0.019236918538808823, -0.0173611082136631, -0.015485298819839954, -0.013609489426016808, -0.011733679100871086, -0.009857868775725365, -0.007982059381902218, -0.006106249522417784, -0.004230443388223648, -0.002354633528739214, -0.0004788236692547798, 0.0013969861902296543, 0.0032727960497140884, 0.005148605909198523, 0.007024415768682957, 0.008900225162506104, 0.010776035487651825, 0.012651845812797546, 0.014527655206620693, 0.01640346460044384, 0.01827927492558956, 0.020155085250735283, 0.022030893713235855, 0.023906704038381577, 0.025782514363527298, 0.02765832468867302, 0.02953413501381874, 0.03140994533896446, 0.033285751938819885, 0.03516156226396561, 0.03703737258911133, 0.03891318291425705, 0.04078899323940277, 0.04266480356454849, 0.044540613889694214, 0.046416424214839935, 0.04829223453998566, 0.05016804113984108, 0.0520438514649868, 0.05391966179013252, 0.055795472115278244]}, "gradients/graph_174.bias": {"_type": "histogram", "values": [1.0, 1.0, 0.0, 0.0, 0.0, 0.0, 0.0, 0.0, 0.0, 0.0, 0.0, 0.0, 0.0, 0.0, 0.0, 0.0, 0.0, 0.0, 0.0, 0.0, 0.0, 0.0, 0.0, 1.0, 0.0, 1.0, 0.0, 0.0, 1.0, 0.0, 0.0, 0.0, 1.0, 0.0, 2.0, 0.0, 0.0, 0.0, 0.0, 0.0, 0.0, 0.0, 0.0, 0.0, 0.0, 0.0, 0.0, 0.0, 0.0, 0.0, 0.0, 0.0, 0.0, 0.0, 0.0, 0.0, 1.0, 0.0, 0.0, 0.0, 0.0, 0.0, 0.0, 1.0],