{"parameters/graph_91.weight": {"_type": "histogram", "values": [2.0, 2.0, 5.0, 8.0, 18.0, 19.0, 30.0, 56.0, 64.0, 110.0, 175.0, 332.0, 568.0, 1147.0, 3169.0, 5452.0, 5948.0, 6388.0, 6638.0, 6888.0, 7039.0, 6847.0, 7018.0, 7067.0, 7086.0, 7079.0, 7045.0, 7046.0, 7241.0, 7104.0, 7221.0, 7121.0, 7129.0, 7210.0, 7020.0, 7143.0, 7131.0, 7009.0, 7115.0, 6799.0, 6532.0, 5823.0, 3789.0, 1821.0, 1304.0, 913.0, 591.0, 456.0, 315.0, 194.0, 167.0, 84.0, 75.0, 49.0, 34.0, 18.0, 12.0, 11.0, 13.0, 4.0, 6.0, 2.0, 1.0, 1.0], "bins": [-0.07446520030498505, -0.0719064325094223, -0.06934765726327896, -0.06678888946771622, -0.06423011422157288, -0.06167134642601013, -0.05911257490515709, -0.05655380338430405, -0.053995031863451004, -0.05143626034259796, -0.04887748882174492, -0.046318717300891876, -0.04375994950532913, -0.04120117798447609, -0.03864240646362305, -0.036083634942770004, -0.03352486342191696, -0.03096609190106392, -0.028407320380210876, -0.025848550722002983, -0.02328977920114994, -0.020731007680296898, -0.018172238022089005, -0.015613466501235962, -0.01305469498038292, -0.010495923459529877, -0.007937152869999409, -0.005378381814807653, -0.002819610759615898, -0.00026083970442414284, 0.0022979313507676125, 0.004856702405959368, 0.00741548091173172, 0.009974252432584763, 0.01253302302211523, 0.015091793611645699, 0.01765056513249874, 0.020209336653351784, 0.022768106311559677, 0.02532687783241272, 0.027885649353265762, 0.030444420874118805, 0.03300319239497185, 0.03556196391582489, 0.038120731711387634, 0.04067950323224068, 0.04323827475309372, 0.04579704627394676, 0.048355817794799805, 0.05091458931565285, 0.05347336083650589, 0.05603213235735893, 0.058590903878211975, 0.06114967167377472, 0.06370844691991806, 0.0662672147154808, 0.06882598996162415, 0.07138475775718689, 0.07394352555274963, 0.07650230079889297, 0.07906106859445572, 0.08161984384059906, 0.0841786116361618, 0.08673738688230515, 0.08929615467786789]}, "_timestamp": 1713647021.378138, "parameters/graph_91.bias": {"_type": "histogram", "values": [1.0, 0.0, 1.0, 2.0, 4.0, 3.0, 5.0, 3.0, 2.0, 2.0, 7.0, 2.0, 5.0, 4.0, 3.0, 3.0, 6.0, 5.0, 8.0, 5.0, 1.0, 4.0, 5.0, 6.0, 1.0, 6.0, 9.0, 6.0, 5.0, 3.0, 6.0, 9.0, 6.0, 8.0, 4.0, 4.0, 6.0, 1.0, 9.0, 0.0, 4.0, 3.0, 5.0, 1.0, 3.0, 1.0, 5.0, 2.0, 6.0, 5.0, 5.0, 8.0, 7.0, 4.0, 7.0, 1.0, 4.0, 6.0, 2.0, 4.0, 1.0, 1.0, 0.0, 1.0], "bins": [-0.036343496292829514, -0.035089828073978424, -0.033836159855127335, -0.032582495361566544, -0.031328827142715454, -0.030075158923864365, -0.028821490705013275, -0.027567824348807335, -0.026314156129956245, -0.025060487911105156, -0.023806821554899216, -0.022553153336048126, -0.021299485117197037, -0.020045818760991096, -0.018792150542140007, -0.017538484185934067, -0.016284815967082977, -0.015031148679554462, -0.013777481392025948, -0.012523813173174858, -0.011270145885646343, -0.010016478598117828, -0.008762810379266739, -0.007509143091738224, -0.006255475804209709, -0.005001808516681194, -0.003748140763491392, -0.0024944732431322336, -0.001240805722773075, 1.2861797586083412e-05, 0.001266529317945242, 0.0025201968383044004, 0.0037738606333732605, 0.005027527920901775, 0.0062811956740915775, 0.00753486342728138, 0.008788530714809895, 0.01004219800233841, 0.011295866221189499, 0.012549533508718014, 0.013803200796246529, 0.015056868083775043, 0.01631053537130356, 0.017564203590154648, 0.018817871809005737, 0.020071538165211678, 0.021325206384062767, 0.022578872740268707, 0.023832540959119797, 0.025086209177970886, 0.026339875534176826, 0.027593543753027916, 0.028847210109233856, 0.030100878328084946, 0.031354546546936035, 0.032608214765787125, 0.033861882984638214, 0.035115547478199005, 0.036369215697050095, 0.037622883915901184, 0.038876552134752274, 0.04013022035360336, 0.041383884847164154, 0.042637553066015244, 0.04389122128486633]}, "parameters/graph_94.weight": {"_type": "histogram", "values": [1.0, 0.0, 0.0, 1.0, 0.0, 1.0, 4.0, 2.0, 3.0, 10.0, 12.0, 17.0, 12.0, 16.0, 26.0, 41.0, 47.0, 56.0, 64.0, 62.0, 88.0, 77.0, 96.0, 86.0, 104.0, 106.0, 99.0, 95.0, 95.0, 100.0, 83.0, 87.0, 98.0, 87.0, 78.0, 75.0, 61.0, 98.0, 67.0, 74.0, 64.0, 46.0, 50.0, 34.0, 40.0, 32.0, 27.0, 18.0, 11.0, 32.0, 16.0, 9.0, 11.0, 10.0, 8.0, 4.0, 4.0, 5.0, 1.0, 6.0, 0.0, 1.0, 1.0, 1.0], "bins": [-0.21884514391422272, -0.21162526309490204, -0.20440538227558136, -0.1971854865550995, -0.1899656057357788, -0.18274572491645813, -0.17552584409713745, -0.16830596327781677, -0.1610860824584961, -0.15386618673801422, -0.14664630591869354, -0.13942642509937286, -0.13220654428005219, -0.12498665601015091, -0.11776677519083023, -0.11054688692092896, -0.10332700610160828, -0.0961071252822876, -0.08888723701238632, -0.08166735619306564, -0.07444746792316437, -0.06722758710384369, -0.06000770628452301, -0.05278782173991203, -0.045567937195301056, -0.03834805265069008, -0.03112816996872425, -0.023908287286758423, -0.016688402742147446, -0.009468519128859043, -0.0022486355155706406, 0.004971248097717762, 0.01219111680984497, 0.019411001354455948, 0.026630884036421776, 0.033850766718387604, 0.04107065126299858, 0.04829053580760956, 0.05551041662693024, 0.06273030489683151, 0.06995018571615219, 0.07717006653547287, 0.08438995480537415, 0.09160983562469482, 0.0988297164440155, 0.10604960471391678, 0.11326948553323746, 0.12048937380313873, 0.1277092546224594, 0.1349291354417801, 0.14214901626110077, 0.14936891198158264, 0.15658879280090332, 0.163808673620224, 0.17102855443954468, 0.17824843525886536, 0.18546831607818604, 0.1926882117986679, 0.1999080926179886, 0.20712797343730927, 0.21434785425662994, 0.22156773507595062, 0.2287876307964325, 0.23600751161575317, 0.24322739243507385]}, "parameters/graph_94.bias": {"_type": "histogram", "values": [1.0, 0.0, 2.0, 0.0, 0.0, 1.0, 0.0, 0.0, 0.0, 0.0, 0.0, 0.0, 0.0, 0.0, 0.0, 0.0, 0.0, 0.0, 1.0, 0.0, 0.0, 0.0, 0.0, 0.0, 0.0, 0.0, 0.0, 0.0, 1.0, 0.0, 1.0, 0.0, 0.0, 0.0, 0.0, 0.0, 0.0, 1.0, 0.0, 0.0, 0.0, 0.0, 0.0, 0.0, 1.0, 0.0, 0.0, 0.0, 0.0, 0.0, 0.0, 0.0, 0.0, 0.0, 0.0, 0.0, 0.0, 0.0, 0.0, 0.0, 0.0, 0.0, 0.0, 1.0], "bins": [-0.02670896053314209, -0.025365768000483513, -0.024022575467824936, -0.022679384797811508, -0.02133619226515293, -0.019992999732494354, -0.018649807199835777, -0.0173066146671772, -0.015963423997163773, -0.014620230533182621, -0.013277038931846619, -0.011933846399188042, -0.010590653866529465, -0.009247462265193462, -0.007904269732534885, -0.006561077665537596, -0.005217885598540306, -0.0038746935315430164, -0.002531501231715083, -0.0011883090483024716, 0.00015488313511013985, 0.0014980753185227513, 0.002841267501935363, 0.004184459801763296, 0.005527651868760586, 0.0068708439357578754, 0.008214036002755165, 0.009557228535413742, 0.010900421068072319, 0.012243612669408321, 0.013586805202066898, 0.0149299968034029, 0.016273189336061478, 0.017616381868720055, 0.01895957440137863, 0.02030276507139206, 0.021645957604050636, 0.022989150136709213, 0.02433234266936779, 0.025675535202026367, 0.027018725872039795, 0.028361918404698372, 0.02970511093735695, 0.031048303470015526, 0.0323914960026741, 0.03373468667268753, 0.03507788106799126, 0.036421071738004684, 0.03776426613330841, 0.03910745680332184, 0.040450647473335266, 0.04179384186863899, 0.04313703253865242, 0.044480226933956146, 0.045823417603969574, 0.047166608273983, 0.04850980266928673, 0.049852993339300156, 0.05119618773460388, 0.05253937840461731, 0.05388256907463074, 0.055225763469934464, 0.05656895413994789, 0.05791214853525162, 0.059255339205265045]}, "gradients/graph_94.bias": {"_type": "histogram", "values": [1.0, 0.0, 0.0, 0.0, 0.0, 0.0, 0.0, 1.0, 0.0, 0.0, 0.0, 0.0, 1.0, 0.0, 0.0, 0.0, 0.0, 1.0, 0.0, 0.0, 0.0, 0.0, 0.0, 3.0, 0.0, 1.0, 1.0, 0.0, 0.0, 0.0, 0.0, 0.0, 0.0, 0.0, 0.0, 0.0, 0.0, 0.0, 0.0, 0.0, 0.0, 0.0, 0.0, 0.0, 0.0, 0.0, 0.0, 0.0, 0.0, 0.0, 0.0, 0.0, 0.0, 0.0, 0.0, 0.0, 0.0, 0.0, 0.0, 0.0, 0.0, 0.0, 0.0, 1.0],