{"parameters/graph_161.weight": {"_type": "histogram", "values": [1.0, 8.0, 31.0, 39.0, 131.0, 351.0, 1680.0, 3831.0, 4326.0, 4571.0, 4659.0, 4684.0, 4796.0, 4799.0, 4801.0, 4819.0, 4896.0, 4793.0, 4795.0, 4791.0, 4859.0, 4947.0, 4810.0, 4861.0, 4796.0, 4867.0, 4862.0, 4867.0, 4822.0, 4927.0, 4713.0, 4739.0, 4826.0, 4686.0, 4855.0, 4824.0, 4849.0, 4740.0, 4793.0, 4843.0, 4903.0, 4854.0, 4806.0, 4790.0, 4852.0, 4717.0, 4571.0, 4103.0, 1885.0, 770.0, 477.0, 315.0, 163.0, 93.0, 51.0, 31.0, 15.0, 11.0, 3.0, 0.0, 2.0, 2.0, 1.0, 1.0], "bins": [-0.04791296273469925, -0.046190839260816574, -0.0444687157869339, -0.042746592313051224, -0.04102446883916855, -0.03930234909057617, -0.0375802256166935, -0.03585810214281082, -0.034135978668928146, -0.03241385519504547, -0.030691731721162796, -0.02896961010992527, -0.027247486636042595, -0.02552536316215992, -0.023803241550922394, -0.02208111807703972, -0.020358994603157043, -0.01863687112927437, -0.016914747655391693, -0.015192626044154167, -0.013470502570271492, -0.011748379096388817, -0.010026256553828716, -0.008304134011268616, -0.0065820105373859406, -0.004859887529164553, -0.003137764520943165, -0.001415641512721777, 0.0003064814954996109, 0.0020286045037209988, 0.0037507275119423866, 0.0054728505201637745, 0.007194969803094864, 0.008917093276977539, 0.01063921581953764, 0.01236133836209774, 0.014083461835980415, 0.01580558530986309, 0.017527706921100616, 0.01924983039498329, 0.020971953868865967, 0.022694077342748642, 0.024416200816631317, 0.026138322427868843, 0.027860445901751518, 0.029582569375634193, 0.03130469098687172, 0.033026814460754395, 0.03474893793463707, 0.036471061408519745, 0.03819318488240242, 0.039915308356285095, 0.04163742810487747, 0.04335955157876015, 0.04508167505264282, 0.0468037985265255, 0.04852592200040817, 0.05024804547429085, 0.05197016894817352, 0.0536922924220562, 0.05541441589593887, 0.05713653564453125, 0.058858659118413925, 0.0605807825922966, 0.062302906066179276]}, "_timestamp": 1713654771.603596, "parameters/graph_161.bias": {"_type": "histogram", "values": [2.0, 1.0, 1.0, 3.0, 6.0, 7.0, 9.0, 3.0, 2.0, 1.0, 10.0, 5.0, 6.0, 8.0, 4.0, 5.0, 6.0, 4.0, 1.0, 4.0, 3.0, 4.0, 5.0, 5.0, 4.0, 3.0, 2.0, 5.0, 2.0, 2.0, 8.0, 4.0, 9.0, 3.0, 2.0, 2.0, 3.0, 2.0, 5.0, 1.0, 9.0, 5.0, 3.0, 6.0, 5.0, 4.0, 1.0, 2.0, 2.0, 4.0, 2.0, 5.0, 6.0, 1.0, 8.0, 3.0, 5.0, 9.0, 3.0, 3.0, 3.0, 2.0, 1.0, 2.0], "bins": [-0.03478007763624191, -0.033594731241464615, -0.03240938112139702, -0.03122403286397457, -0.030038684606552124, -0.028853338211774826, -0.02766798995435238, -0.02648264169692993, -0.025297293439507484, -0.024111945182085037, -0.02292659692466259, -0.021741248667240143, -0.020555902272462845, -0.019370554015040398, -0.01818520575761795, -0.016999857500195503, -0.015814509242773056, -0.014629160985350609, -0.013443812727928162, -0.012258465401828289, -0.011073117144405842, -0.009887768886983395, -0.008702421560883522, -0.007517073303461075, -0.006331725046038628, -0.00514637678861618, -0.0039610289968550205, -0.002775680972263217, -0.0015903329476714134, -0.00040498492307960987, 0.0007803631015121937, 0.0019657111261039972, 0.0031510628759860992, 0.0043364111334085464, 0.005521758925169706, 0.006707106716930866, 0.007892454974353313, 0.00907780323177576, 0.010263150557875633, 0.01144849881529808, 0.012633847072720528, 0.013819195330142975, 0.015004543587565422, 0.01618989184498787, 0.017375238239765167, 0.018560586497187614, 0.01974593475461006, 0.02093128301203251, 0.022116631269454956, 0.023301979526877403, 0.02448732778429985, 0.025672676041722298, 0.026858024299144745, 0.028043370693922043, 0.02922871895134449, 0.030414067208766937, 0.031599417328834534, 0.03278476372361183, 0.03397011011838913, 0.035155460238456726, 0.036340806633234024, 0.03752615675330162, 0.03871150314807892, 0.039896853268146515, 0.04108219966292381]}, "parameters/graph_164.weight": {"_type": "histogram", "values": [2.0, 3.0, 7.0, 7.0, 8.0, 9.0, 11.0, 23.0, 45.0, 47.0, 60.0, 75.0, 69.0, 80.0, 62.0, 76.0, 56.0, 61.0, 66.0, 70.0, 72.0, 73.0, 69.0, 80.0, 61.0, 71.0, 63.0, 52.0, 73.0, 78.0, 66.0, 76.0, 62.0, 80.0, 75.0, 81.0, 57.0, 69.0, 61.0, 65.0, 55.0, 50.0, 33.0, 33.0, 33.0, 22.0, 14.0, 17.0, 11.0, 12.0, 7.0, 12.0, 5.0, 3.0, 10.0, 5.0, 6.0, 3.0, 2.0, 1.0, 3.0, 1.0, 0.0, 1.0], "bins": [-0.09962985664606094, -0.09583113342523575, -0.09203241020441055, -0.08823368698358536, -0.08443496376276016, -0.08063624054193497, -0.07683751732110977, -0.07303879410028458, -0.06924007833003998, -0.06544135510921478, -0.06164262816309929, -0.057843904942274094, -0.0540451854467392, -0.050246462225914, -0.046447739005088806, -0.04264901578426361, -0.038850292563438416, -0.03505156934261322, -0.031252846121788025, -0.02745412476360798, -0.023655401542782784, -0.019856678321957588, -0.016057956963777542, -0.012259233742952347, -0.008460510522127151, -0.0046617877669632435, -0.0008630650117993355, 0.0029356577433645725, 0.0067343804985284805, 0.010533103719353676, 0.014331826008856297, 0.018130548298358917, 0.02192927896976471, 0.025728002190589905, 0.0295267254114151, 0.033325448632240295, 0.03712417185306549, 0.04092289134860039, 0.04472161456942558, 0.04852033779025078, 0.052319061011075974, 0.05611778423190117, 0.059916507452726364, 0.06371522694826126, 0.06751395016908646, 0.07131267338991165, 0.07511139661073685, 0.07891011983156204, 0.08270884305238724, 0.08650756627321243, 0.09030628949403763, 0.09410501271486282, 0.09790373593568802, 0.10170245915651321, 0.10550118237733841, 0.1092999055981636, 0.1130986213684082, 0.1168973445892334, 0.1206960678100586, 0.12449479103088379, 0.12829351425170898, 0.13209223747253418, 0.13589096069335938, 0.13968968391418457, 0.14348840713500977]}, "parameters/graph_164.bias": {"_type": "histogram", "values": [1.0, 0.0, 0.0, 0.0, 0.0, 0.0, 0.0, 0.0, 0.0, 0.0, 1.0, 0.0, 0.0, 0.0, 0.0, 0.0, 0.0, 0.0, 1.0, 0.0, 0.0, 0.0, 0.0, 0.0, 0.0, 0.0, 0.0, 0.0, 0.0, 0.0, 1.0, 0.0, 0.0, 0.0, 0.0, 0.0, 0.0, 0.0, 0.0, 0.0, 0.0, 0.0, 1.0, 0.0, 1.0, 1.0, 0.0, 0.0, 0.0, 0.0, 0.0, 1.0, 0.0, 0.0, 0.0, 0.0, 0.0, 0.0, 0.0, 0.0, 0.0, 0.0, 1.0, 1.0], "bins": [-0.03270011767745018, -0.03148818388581276, -0.03027625009417534, -0.029064316302537918, -0.027852382510900497, -0.026640450581908226, -0.025428516790270805, -0.024216582998633385, -0.023004649206995964, -0.021792715415358543, -0.020580781623721123, -0.019368847832083702, -0.01815691590309143, -0.01694498211145401, -0.01573304831981659, -0.014521114528179169, -0.013309180736541748, -0.012097246944904327, -0.010885313153266907, -0.00967338029295206, -0.00846144650131464, -0.007249512709677219, -0.006037579383701086, -0.004825646057724953, -0.003613712266087532, -0.002401778707280755, -0.001189845148473978, 2.2088410332798958e-05, 0.001234021969139576, 0.002445955527946353, 0.00365788908675313, 0.004869822412729263, 0.006081756204366684, 0.007293689996004105, 0.008505623787641525, 0.009717556647956371, 0.010929490439593792, 0.012141424231231213, 0.013353357091546059, 0.01456529088318348, 0.0157772246748209, 0.01698915846645832, 0.01820109225809574, 0.019413026049733162, 0.020624957978725433, 0.021836891770362854, 0.023048825562000275, 0.024260759353637695, 0.025472693145275116, 0.026684626936912537, 0.027896560728549957, 0.029108494520187378, 0.0303204283118248, 0.03153236210346222, 0.03274429589509964, 0.03395622968673706, 0.03516816347837448, 0.0363800935447216, 0.037592027336359024, 0.038803961127996445, 0.040015894919633865, 0.041227828711271286, 0.04243976250290871, 0.04365169629454613, 0.04486363008618355]}, "gradients/graph_164.bias": {"_type": "histogram", "values": [1.0, 0.0, 0.0, 0.0, 0.0, 0.0, 0.0, 0.0, 0.0, 0.0, 0.0, 0.0, 0.0, 0.0, 0.0, 0.0, 0.0, 0.0, 0.0, 0.0, 0.0, 0.0, 0.0, 1.0, 1.0, 0.0, 0.0, 0.0, 0.0, 0.0, 0.0, 0.0, 0.0, 0.0, 0.0, 2.0, 0.0, 0.0, 2.0, 0.0, 1.0, 1.0, 0.0, 0.0, 0.0, 0.0, 0.0, 0.0, 0.0, 0.0, 0.0, 0.0, 0.0, 0.0, 0.0, 0.0, 0.0, 0.0, 0.0, 0.0, 0.0, 0.0, 0.0, 1.0],