{"parameters/graph_141.weight": {"_type": "histogram", "values": [2968.0, 3108.0, 3198.0, 3165.0, 3211.0, 3097.0, 3222.0, 3126.0, 3172.0, 3126.0, 3166.0, 3105.0, 3033.0, 3163.0, 3020.0, 3119.0, 3164.0, 3151.0, 3178.0, 3130.0, 3162.0, 3166.0, 3128.0, 3192.0, 3132.0, 3133.0, 3040.0, 3136.0, 3174.0, 3111.0, 3180.0, 3072.0, 3154.0, 3167.0, 3135.0, 3191.0, 3110.0, 3019.0, 3170.0, 3238.0, 3085.0, 3174.0, 3203.0, 3176.0, 3170.0, 3170.0, 3111.0, 3174.0, 3039.0, 3178.0, 3191.0, 3164.0, 3149.0, 3173.0, 3068.0, 3208.0, 3189.0, 3099.0, 3077.0, 3109.0, 3197.0, 3146.0, 3184.0, 2838.0], "bins": [-0.035797540098428726, -0.034678973257541656, -0.03356040269136429, -0.03244183585047722, -0.03132326900959015, -0.03020470030605793, -0.02908613160252571, -0.027967562898993492, -0.026848994195461273, -0.025730427354574203, -0.024611858651041985, -0.023493289947509766, -0.022374723106622696, -0.021256154403090477, -0.020137585699558258, -0.01901901885867119, -0.01790045015513897, -0.01678188145160675, -0.01566331461071968, -0.014544745907187462, -0.013426177203655243, -0.012307609431445599, -0.011189041659235954, -0.010070472955703735, -0.008951905183494091, -0.007833337411284447, -0.006714768707752228, -0.0055962009355425835, -0.004477632697671652, -0.00335906445980072, -0.0022404964547604322, -0.0011219283333048224, -3.3602118492126465e-06, 0.0011152079096063972, 0.002233776031062007, 0.003352344036102295, 0.0044709122739732265, 0.005589480511844158, 0.0067080482840538025, 0.007826616987586021, 0.008945184759795666, 0.01006375253200531, 0.011182321235537529, 0.012300889007747173, 0.013419456779956818, 0.014538025483489037, 0.015656594187021255, 0.016775161027908325, 0.017893729731440544, 0.019012298434972763, 0.020130865275859833, 0.02124943397939205, 0.02236800268292427, 0.02348656952381134, 0.02460513822734356, 0.025723706930875778, 0.026842273771762848, 0.027960842475295067, 0.029079411178827286, 0.030197979882359505, 0.031316548585891724, 0.03243511542677879, 0.03355368226766586, 0.03467225283384323, 0.0357908196747303]}, "_timestamp": 1713654693.7425852, "parameters/graph_141.bias": {"_type": "histogram", "values": [3.0, 4.0, 2.0, 7.0, 6.0, 3.0, 4.0, 4.0, 5.0, 2.0, 5.0, 5.0, 8.0, 3.0, 5.0, 2.0, 5.0, 3.0, 6.0, 2.0, 2.0, 11.0, 1.0, 4.0, 3.0, 6.0, 7.0, 1.0, 2.0, 4.0, 2.0, 5.0, 4.0, 5.0, 6.0, 2.0, 2.0, 6.0, 3.0, 1.0, 2.0, 9.0, 0.0, 1.0, 6.0, 0.0, 5.0, 3.0, 6.0, 3.0, 5.0, 3.0, 5.0, 2.0, 3.0, 6.0, 2.0, 6.0, 4.0, 4.0, 5.0, 5.0, 7.0, 3.0], "bins": [-0.035431209951639175, -0.03432335704565048, -0.03321550413966179, -0.032107651233673096, -0.030999798327684402, -0.02989194542169571, -0.028784092515707016, -0.027676239609718323, -0.02656838670372963, -0.025460533797740936, -0.024352680891752243, -0.02324482798576355, -0.022136975079774857, -0.021029122173786163, -0.01992126926779747, -0.018813416361808777, -0.017705563455820084, -0.01659771054983139, -0.015489857643842697, -0.014382004737854004, -0.01327415183186531, -0.012166298925876617, -0.011058446019887924, -0.009950593113899231, -0.008842740207910538, -0.0077348873019218445, -0.006627034395933151, -0.005519181489944458, -0.004411328583955765, -0.0033034756779670715, -0.0021956227719783783, -0.001087769865989685, 2.008676528930664e-05, 0.0011279396712779999, 0.002235792577266693, 0.0033436454832553864, 0.00445149838924408, 0.005559351295232773, 0.006667204201221466, 0.007775057107210159, 0.008882910013198853, 0.009990762919187546, 0.011098615825176239, 0.012206468731164932, 0.013314321637153625, 0.014422174543142319, 0.015530027449131012, 0.016637880355119705, 0.0177457332611084, 0.01885358616709709, 0.019961439073085785, 0.021069291979074478, 0.02217714488506317, 0.023284997791051865, 0.024392850697040558, 0.02550070360302925, 0.026608556509017944, 0.027716409415006638, 0.02882426232099533, 0.029932115226984024, 0.031039968132972717, 0.03214782103896141, 0.033255673944950104, 0.0343635268509388, 0.03547137975692749]}, "parameters/graph_144.weight": {"_type": "histogram", "values": [43.0, 30.0, 28.0, 31.0, 34.0, 42.0, 50.0, 38.0, 43.0, 42.0, 37.0, 38.0, 40.0, 46.0, 38.0, 37.0, 48.0, 39.0, 38.0, 35.0, 47.0, 44.0, 46.0, 42.0, 37.0, 48.0, 44.0, 30.0, 27.0, 31.0, 43.0, 42.0, 43.0, 42.0, 42.0, 52.0, 48.0, 42.0, 32.0, 37.0, 47.0, 35.0, 43.0, 40.0, 32.0, 36.0, 48.0, 31.0, 33.0, 39.0, 47.0, 40.0, 44.0, 42.0, 43.0, 34.0, 45.0, 44.0, 35.0, 49.0, 41.0, 34.0, 35.0, 47.0], "bins": [-0.062452465295791626, -0.06050156429409981, -0.05855066701769829, -0.05659976601600647, -0.05464886873960495, -0.05269796773791313, -0.05074707046151161, -0.048796169459819794, -0.046845272183418274, -0.044894371181726456, -0.04294347018003464, -0.04099257290363312, -0.0390416719019413, -0.03709077462553978, -0.03513987362384796, -0.03318897634744644, -0.031238075345754623, -0.029287176206707954, -0.027336277067661285, -0.025385377928614616, -0.023434478789567947, -0.02148357778787613, -0.01953267864882946, -0.01758177950978279, -0.015630880370736122, -0.013679981231689453, -0.011729082092642784, -0.00977818202227354, -0.007827282883226871, -0.0058763837441802025, -0.003925484139472246, -0.0019745847675949335, -2.3681670427322388e-05, 0.0019272177014499903, 0.003878117073327303, 0.005829016678035259, 0.007779915817081928, 0.009730814956128597, 0.011681715026497841, 0.01363261416554451, 0.015583513304591179, 0.017534412443637848, 0.019485311582684517, 0.021436210721731186, 0.023387111723423004, 0.025338010862469673, 0.027288910001516342, 0.02923980914056301, 0.03119070827960968, 0.0331416092813015, 0.03509250655770302, 0.037043407559394836, 0.038994304835796356, 0.040945205837488174, 0.042896103113889694, 0.04484700411558151, 0.04679790139198303, 0.04874880239367485, 0.05069970339536667, 0.05265060067176819, 0.05460150167346001, 0.056552398949861526, 0.058503299951553345, 0.060454197227954865, 0.06240509822964668]}, "parameters/graph_144.bias": {"_type": "histogram", "values": [1.0, 0.0, 0.0, 0.0, 0.0, 0.0, 1.0, 0.0, 0.0, 0.0, 0.0, 0.0, 1.0, 0.0, 0.0, 0.0, 0.0, 0.0, 0.0, 1.0, 0.0, 1.0, 0.0, 0.0, 0.0, 0.0, 0.0, 0.0, 0.0, 0.0, 0.0, 0.0, 0.0, 1.0, 0.0, 0.0, 1.0, 0.0, 0.0, 0.0, 0.0, 0.0, 0.0, 0.0, 0.0, 1.0, 0.0, 0.0, 0.0, 0.0, 0.0, 0.0, 0.0, 0.0, 0.0, 0.0, 0.0, 0.0, 0.0, 0.0, 0.0, 0.0, 1.0, 1.0], "bins": [-0.05418893322348595, -0.05261069908738136, -0.05103246495127678, -0.049454230815172195, -0.04787599295377731, -0.04629775881767273, -0.044719524681568146, -0.04314129054546356, -0.04156305640935898, -0.039984822273254395, -0.03840658813714981, -0.03682835400104523, -0.03525011986494064, -0.03367188200354576, -0.03209364786744118, -0.030515413731336594, -0.02893717959523201, -0.027358945459127426, -0.025780711323022842, -0.02420247532427311, -0.022624241188168526, -0.021046007052063942, -0.01946777105331421, -0.017889536917209625, -0.01631130278110504, -0.014733068645000458, -0.0131548335775733, -0.011576598510146141, -0.009998364374041557, -0.008420130237936974, -0.006841895170509815, -0.005263660568743944, -0.003685425966978073, -0.002107191365212202, -0.000528956763446331, 0.00104927783831954, 0.002627512440085411, 0.004205747041851282, 0.005783981643617153, 0.007362216245383024, 0.008940450847148895, 0.010518684983253479, 0.012096920050680637, 0.013675155118107796, 0.01525338925421238, 0.016831623390316963, 0.018409859389066696, 0.01998809352517128, 0.021566327661275864, 0.023144561797380447, 0.02472279593348503, 0.026301031932234764, 0.027879266068339348, 0.02945750020444393, 0.031035736203193665, 0.03261397033929825, 0.03419220447540283, 0.035770438611507416, 0.037348672747612, 0.03892690688371658, 0.04050514101982117, 0.04208337888121605, 0.04366161301732063, 0.04523984715342522, 0.0468180812895298]}, "gradients/graph_144.bias": {"_type": "histogram",