{"parameters/graph_71.weight": {"_type": "histogram", "values": [1.0, 1.0, 1.0, 1.0, 3.0, 1.0, 10.0, 9.0, 24.0, 51.0, 66.0, 100.0, 162.0, 312.0, 595.0, 1272.0, 4204.0, 6643.0, 7400.0, 7878.0, 8140.0, 8217.0, 8460.0, 8388.0, 8506.0, 8643.0, 8553.0, 8484.0, 8542.0, 8473.0, 8468.0, 8519.0, 8461.0, 8532.0, 8524.0, 8427.0, 8319.0, 7971.0, 7751.0, 5720.0, 2557.0, 1473.0, 968.0, 637.0, 437.0, 300.0, 187.0, 107.0, 71.0, 42.0, 31.0, 22.0, 16.0, 8.0, 2.0, 5.0, 2.0, 2.0, 3.0, 0.0, 0.0, 0.0, 1.0, 1.0], "bins": [-0.08741075545549393, -0.08435574173927307, -0.08130072057247162, -0.07824570685625076, -0.07519069314002991, -0.07213567942380905, -0.0690806657075882, -0.06602564454078674, -0.06297063082456589, -0.05991561710834503, -0.05686059966683388, -0.05380558222532272, -0.05075056850910187, -0.04769555479288101, -0.04464053735136986, -0.041585519909858704, -0.03853050619363785, -0.03547549247741699, -0.03242047503590584, -0.029365459457039833, -0.026310443878173828, -0.023255428299307823, -0.020200412720441818, -0.017145397141575813, -0.014090381562709808, -0.011035365983843803, -0.007980350404977798, -0.0049253348261117935, -0.0018703192472457886, 0.0011846963316202164, 0.004239711910486221, 0.007294727489352226, 0.010349735617637634, 0.01340475119650364, 0.016459766775369644, 0.01951478235423565, 0.022569797933101654, 0.02562481351196766, 0.028679829090833664, 0.03173484653234482, 0.034789860248565674, 0.03784487396478653, 0.040899891406297684, 0.04395490884780884, 0.047009922564029694, 0.05006493628025055, 0.053119953721761703, 0.05617497116327286, 0.05922998487949371, 0.06228499859571457, 0.06534001231193542, 0.06839503347873688, 0.07145004719495773, 0.07450506091117859, 0.07756008207798004, 0.0806150957942009, 0.08367010951042175, 0.08672512322664261, 0.08978013694286346, 0.09283515810966492, 0.09589017182588577, 0.09894518554210663, 0.10200020670890808, 0.10505522042512894, 0.10811023414134979]}, "_timestamp": 1713646771.6822882, "parameters/graph_71.bias": {"_type": "histogram", "values": [1.0, 0.0, 0.0, 2.0, 2.0, 6.0, 2.0, 3.0, 2.0, 5.0, 3.0, 6.0, 5.0, 2.0, 4.0, 5.0, 5.0, 11.0, 3.0, 1.0, 3.0, 3.0, 5.0, 7.0, 6.0, 4.0, 3.0, 4.0, 1.0, 3.0, 5.0, 2.0, 2.0, 4.0, 6.0, 4.0, 4.0, 11.0, 6.0, 5.0, 3.0, 2.0, 4.0, 2.0, 4.0, 3.0, 5.0, 14.0, 8.0, 4.0, 2.0, 8.0, 4.0, 3.0, 3.0, 6.0, 4.0, 3.0, 5.0, 5.0, 4.0, 3.0, 0.0, 1.0], "bins": [-0.03700396791100502, -0.03573092073202133, -0.03445787727832794, -0.03318483382463455, -0.031911786645650864, -0.030638741329312325, -0.029365696012973785, -0.028092650696635246, -0.026819605380296707, -0.025546560063958168, -0.02427351474761963, -0.02300046943128109, -0.02172742411494255, -0.02045437879860401, -0.019181333482265472, -0.017908288165926933, -0.016635242849588394, -0.015362197533249855, -0.014089152216911316, -0.012816106900572777, -0.011543061584234238, -0.010270016267895699, -0.00899697095155716, -0.00772392563521862, -0.006450880318880081, -0.005177835002541542, -0.003904789686203003, -0.002631744369864464, -0.0013586990535259247, -8.565373718738556e-05, 0.0011873915791511536, 0.0024604368954896927, 0.003733482211828232, 0.005006527528166771, 0.00627957284450531, 0.007552618160843849, 0.008825663477182388, 0.010098708793520927, 0.011371754109859467, 0.012644799426198006, 0.013917844742536545, 0.015190890058875084, 0.016463935375213623, 0.017736980691552162, 0.0190100260078907, 0.02028307132422924, 0.02155611664056778, 0.02282916195690632, 0.024102207273244858, 0.025375252589583397, 0.026648297905921936, 0.027921343222260475, 0.029194388538599014, 0.030467433854937553, 0.03174047917127609, 0.03301352262496948, 0.03428656980395317, 0.03555961698293686, 0.03683266043663025, 0.03810570389032364, 0.03937875106930733, 0.040651798248291016, 0.041924841701984406, 0.043197885155677795, 0.044470932334661484]}, "parameters/graph_74.weight": {"_type": "histogram", "values": [1.0, 1.0, 2.0, 1.0, 7.0, 6.0, 7.0, 6.0, 13.0, 16.0, 20.0, 26.0, 39.0, 35.0, 44.0, 60.0, 53.0, 64.0, 66.0, 98.0, 94.0, 90.0, 94.0, 93.0, 119.0, 78.0, 78.0, 91.0, 80.0, 73.0, 92.0, 74.0, 78.0, 79.0, 85.0, 75.0, 81.0, 66.0, 51.0, 54.0, 42.0, 31.0, 33.0, 43.0, 34.0, 22.0, 26.0, 20.0, 11.0, 15.0, 18.0, 12.0, 10.0, 11.0, 10.0, 9.0, 6.0, 2.0, 4.0, 2.0, 3.0, 3.0, 2.0, 1.0], "bins": [-0.19211207330226898, -0.1854633092880249, -0.17881454527378082, -0.17216578125953674, -0.16551701724529266, -0.15886825323104858, -0.1522194892168045, -0.14557072520256042, -0.13892194628715515, -0.13227318227291107, -0.125624418258667, -0.11897566169500351, -0.11232689023017883, -0.10567812621593475, -0.09902936220169067, -0.0923805981874466, -0.08573183417320251, -0.07908307015895844, -0.07243430614471436, -0.06578554213047028, -0.0591367743909359, -0.05248801037669182, -0.04583924263715744, -0.03919047862291336, -0.03254171460866928, -0.0258929505944252, -0.019244184717535973, -0.012595419771969318, -0.005946654826402664, 0.00070211011916399, 0.007350875064730644, 0.013999640010297298, 0.020648419857025146, 0.027297183871269226, 0.033945947885513306, 0.040594715625047684, 0.04724347963929176, 0.05389224365353584, 0.06054101139307022, 0.0671897754073143, 0.07383853942155838, 0.08048730343580246, 0.08713606745004654, 0.09378483146429062, 0.1004336029291153, 0.10708236694335938, 0.11373113095760345, 0.12037989497184753, 0.1270286589860916, 0.1336774230003357, 0.14032618701457977, 0.14697495102882385, 0.15362371504306793, 0.160272479057312, 0.1669212430715561, 0.17357000708580017, 0.18021878600120544, 0.18686755001544952, 0.1935163140296936, 0.20016507804393768, 0.20681384205818176, 0.21346260607242584, 0.22011137008666992, 0.226760134100914, 0.23340889811515808]}, "parameters/graph_74.bias": {"_type": "histogram", "values": [1.0, 0.0, 0.0, 0.0, 0.0, 0.0, 0.0, 0.0, 0.0, 0.0, 0.0, 0.0, 0.0, 1.0, 0.0, 0.0, 0.0, 0.0, 0.0, 0.0, 0.0, 0.0, 0.0, 1.0, 0.0, 1.0, 0.0, 0.0, 0.0, 0.0, 0.0, 0.0, 0.0, 0.0, 0.0, 0.0, 0.0, 0.0, 0.0, 1.0, 1.0, 1.0, 0.0, 0.0, 0.0, 1.0, 0.0, 0.0, 0.0, 0.0, 0.0, 0.0, 0.0, 1.0, 0.0, 0.0, 0.0, 0.0, 0.0, 0.0, 0.0, 0.0, 0.0, 1.0], "bins": [-0.03617996722459793, -0.03487660735845566, -0.033573251217603683, -0.03226989135146141, -0.030966533347964287, -0.029663175344467163, -0.02835981547832489, -0.027056457474827766, -0.025753099471330643, -0.02444974146783352, -0.023146383464336395, -0.021843023598194122, -0.020539665594697, -0.019236307591199875, -0.017932947725057602, -0.016629589721560478, -0.015326231718063354, -0.01402287371456623, -0.012719514779746532, -0.011416155844926834, -0.01011279784142971, -0.008809439837932587, -0.007506080903112888, -0.006202722433954477, -0.004899363964796066, -0.0035960054956376553, -0.0022926470264792442, -0.0009892885573208332, 0.0003140699118375778, 0.0016174283809959888, 0.0029207868501544, 0.004224145319312811, 0.0055275000631809235, 0.0068308585323393345, 0.008134217001497746, 0.009437575936317444, 0.010740933939814568, 0.012044291943311691, 0.01334765087813139, 0.014651009812951088, 0.01595436781644821, 0.017257725819945335, 0.01856108382344246, 0.019864443689584732, 0.021167801693081856, 0.02247115969657898, 0.023774519562721252, 0.025077877566218376, 0.0263812355697155, 0.027684593573212624, 0.028987951576709747, 0.03029131144285202, 0.03159467130899429, 0.03289802744984627, 0.03420138731598854, 0.035504743456840515, 0.03680810332298279, 0.03811146318912506, 0.039414819329977036, 0.04071817919611931, 0.04202153533697128, 0.043324895203113556, 0.04462825506925583, 0.0459316112101078, 0.047234971076250076]}, "gradients/graph_74.bias": {"_type": "histogram", "values": [1.0, 0.0, 0.0, 0.0, 0.0, 0.0, 0.0, 0.0, 0.0, 0.0, 0.0, 1.0, 0.0, 0.0, 0.0, 0.0, 0.0, 0.0, 0.0, 0.0, 0.0, 0.0, 0.0, 0.0, 0.0, 0.0, 0.0, 0.0, 0.0, 0.0, 0.0, 0.0, 0.0, 0.0, 2.0, 1.0, 1.0, 1.0, 0.0, 0.0, 0.0, 1.0, 0.0, 0.0, 0.0, 0.0, 0.0, 0.0, 0.0, 1.0, 0.0, 0.0, 0.0, 0.0, 0.0, 0.0, 0.0, 0.0, 0.0, 0.0, 0.0, 0.0, 0.0, 1.0],