{"parameters/graph_51.weight": {"_type": "histogram", "values": [6.0, 3.0, 4.0, 4.0, 3.0, 5.0, 13.0, 19.0, 28.0, 50.0, 101.0, 150.0, 211.0, 365.0, 617.0, 1328.0, 3944.0, 5919.0, 6223.0, 6749.0, 6704.0, 6978.0, 7122.0, 7152.0, 7105.0, 7171.0, 7310.0, 7275.0, 7262.0, 7182.0, 7343.0, 7336.0, 7171.0, 7317.0, 7208.0, 7285.0, 7408.0, 7084.0, 7177.0, 7149.0, 7150.0, 6963.0, 6303.0, 4588.0, 2088.0, 1271.0, 858.0, 594.0, 426.0, 289.0, 206.0, 162.0, 116.0, 71.0, 43.0, 44.0, 16.0, 12.0, 7.0, 5.0, 3.0, 2.0, 3.0, 3.0], "bins": [-0.07968423515558243, -0.07707653194665909, -0.07446883618831635, -0.071861132979393, -0.06925342977046967, -0.06664573401212692, -0.06403803080320358, -0.06143032759428024, -0.0588226281106472, -0.05621492862701416, -0.05360722541809082, -0.05099952593445778, -0.04839182645082474, -0.0457841232419014, -0.043176423758268356, -0.040568720549345016, -0.037961021065711975, -0.035353321582078934, -0.032745618373155594, -0.030137918889522552, -0.027530217543244362, -0.02492251619696617, -0.02231481671333313, -0.01970711536705494, -0.01709941402077675, -0.014491712674498558, -0.011884012259542942, -0.009276311844587326, -0.0066686104983091354, -0.004060909617692232, -0.0014532087370753288, 0.0011544921435415745, 0.003762193024158478, 0.006369893904775381, 0.008977594785392284, 0.0115852952003479, 0.014192996546626091, 0.01680069789290428, 0.019408397376537323, 0.022016098722815514, 0.024623800069093704, 0.027231501415371895, 0.029839202761650085, 0.03244690224528313, 0.03505460172891617, 0.03766230493783951, 0.04027000442147255, 0.04287770763039589, 0.04548540711402893, 0.04809310659766197, 0.05070080980658531, 0.05330850929021835, 0.05591621249914169, 0.058523911982774734, 0.061131611466407776, 0.06373931467533112, 0.06634701788425446, 0.0689547136425972, 0.07156241685152054, 0.07417012006044388, 0.07677781581878662, 0.07938551902770996, 0.0819932222366333, 0.08460091799497604, 0.08720862120389938]}, "_timestamp": 1713646562.45989, "parameters/graph_51.bias": {"_type": "histogram", "values": [1.0, 2.0, 2.0, 3.0, 2.0, 1.0, 4.0, 3.0, 8.0, 6.0, 3.0, 4.0, 4.0, 3.0, 4.0, 4.0, 3.0, 5.0, 5.0, 4.0, 5.0, 4.0, 7.0, 6.0, 2.0, 2.0, 4.0, 3.0, 2.0, 3.0, 6.0, 9.0, 1.0, 3.0, 3.0, 5.0, 3.0, 3.0, 6.0, 3.0, 5.0, 6.0, 5.0, 5.0, 3.0, 10.0, 2.0, 9.0, 4.0, 7.0, 4.0, 7.0, 5.0, 9.0, 3.0, 3.0, 4.0, 1.0, 4.0, 3.0, 3.0, 1.0, 0.0, 2.0], "bins": [-0.03448021039366722, -0.033265549689531326, -0.03205088526010513, -0.03083622455596924, -0.029621563851833344, -0.02840690314769745, -0.027192240580916405, -0.02597757801413536, -0.024762917309999466, -0.02354825660586357, -0.022333594039082527, -0.021118931472301483, -0.01990427076816559, -0.018689610064029694, -0.01747494749724865, -0.016260284930467606, -0.01504562422633171, -0.013830962590873241, -0.012616300955414772, -0.011401639319956303, -0.010186977684497833, -0.008972316049039364, -0.0077576544135808945, -0.006542992778122425, -0.005328331142663956, -0.004113669507205486, -0.002899007871747017, -0.0016843462362885475, -0.0004696846008300781, 0.0007449770346283913, 0.0019596386700868607, 0.00317430030554533, 0.0043889619410037994, 0.005603623576462269, 0.006818285211920738, 0.008032946847379208, 0.009247608482837677, 0.010462270118296146, 0.011676931753754616, 0.012891593389213085, 0.014106255024671555, 0.015320916660130024, 0.016535578295588493, 0.017750240862369537, 0.018964901566505432, 0.020179562270641327, 0.02139422483742237, 0.022608887404203415, 0.02382354810833931, 0.025038208812475204, 0.02625287137925625, 0.027467533946037292, 0.028682194650173187, 0.029896855354309082, 0.031111517921090126, 0.03232618048787117, 0.033540841192007065, 0.03475550189614296, 0.03597016632556915, 0.03718482702970505, 0.03839948773384094, 0.03961414843797684, 0.04082880914211273, 0.042043473571538925, 0.04325813427567482]}, "parameters/graph_54.weight": {"_type": "histogram", "values": [1.0, 0.0, 1.0, 3.0, 1.0, 1.0, 0.0, 3.0, 4.0, 7.0, 9.0, 7.0, 11.0, 23.0, 29.0, 45.0, 44.0, 52.0, 50.0, 62.0, 78.0, 99.0, 100.0, 99.0, 102.0, 103.0, 109.0, 93.0, 106.0, 93.0, 91.0, 104.0, 93.0, 95.0, 91.0, 96.0, 94.0, 90.0, 53.0, 57.0, 48.0, 40.0, 39.0, 34.0, 24.0, 29.0, 23.0, 16.0, 25.0, 17.0, 17.0, 12.0, 6.0, 11.0, 2.0, 5.0, 4.0, 4.0, 1.0, 0.0, 2.0, 0.0, 1.0, 1.0], "bins": [-0.21858558058738708, -0.2112823724746704, -0.20397917926311493, -0.19667598605155945, -0.18937277793884277, -0.1820695698261261, -0.17476637661457062, -0.16746318340301514, -0.16015997529029846, -0.1528567671775818, -0.1455535739660263, -0.13825038075447083, -0.13094717264175415, -0.12364397197961807, -0.116340771317482, -0.10903757065534592, -0.10173436999320984, -0.09443116933107376, -0.08712796866893768, -0.0798247680068016, -0.07252156734466553, -0.06521836668252945, -0.05791516602039337, -0.050611965358257294, -0.043308764696121216, -0.03600556403398514, -0.02870236337184906, -0.021399162709712982, -0.014095962047576904, -0.006792761385440826, 0.0005104392766952515, 0.00781363993883133, 0.015116855502128601, 0.02242005616426468, 0.029723256826400757, 0.037026457488536835, 0.04432965815067291, 0.05163285881280899, 0.05893605947494507, 0.06623926013708115, 0.07354246079921722, 0.0808456614613533, 0.08814886212348938, 0.09545206278562546, 0.10275526344776154, 0.11005846410989761, 0.11736166477203369, 0.12466486543416977, 0.13196806609630585, 0.13927125930786133, 0.146574467420578, 0.15387767553329468, 0.16118086874485016, 0.16848406195640564, 0.17578727006912231, 0.183090478181839, 0.19039367139339447, 0.19769686460494995, 0.20500007271766663, 0.2123032808303833, 0.21960647404193878, 0.22690966725349426, 0.23421287536621094, 0.2415160834789276, 0.2488192766904831]}, "parameters/graph_54.bias": {"_type": "histogram", "values": [1.0, 0.0, 0.0, 0.0, 0.0, 0.0, 0.0, 0.0, 0.0, 0.0, 0.0, 0.0, 0.0, 0.0, 0.0, 0.0, 0.0, 0.0, 0.0, 1.0, 0.0, 0.0, 0.0, 0.0, 0.0, 0.0, 0.0, 0.0, 0.0, 0.0, 1.0, 0.0, 1.0, 0.0, 0.0, 0.0, 0.0, 0.0, 0.0, 0.0, 0.0, 0.0, 0.0, 0.0, 0.0, 0.0, 0.0, 1.0, 0.0, 0.0, 0.0, 0.0, 0.0, 1.0, 1.0, 0.0, 2.0, 0.0, 0.0, 0.0, 0.0, 0.0, 0.0, 1.0], "bins": [-0.0539085790514946, -0.05225112661719322, -0.050593674182891846, -0.04893622547388077, -0.04727877303957939, -0.045621320605278015, -0.04396387189626694, -0.04230641946196556, -0.040648967027664185, -0.03899151459336281, -0.03733406215906143, -0.035676613450050354, -0.03401916101574898, -0.0323617085814476, -0.030704258009791374, -0.029046807438135147, -0.02738935500383377, -0.025731902569532394, -0.024074451997876167, -0.02241700142621994, -0.020759548991918564, -0.019102096557617188, -0.01744464598596096, -0.015787195414304733, -0.014129742980003357, -0.012472291477024555, -0.010814839974045753, -0.009157388471066952, -0.00749993696808815, -0.005842485465109348, -0.004185033962130547, -0.002527582459151745, -0.0008701272308826447, 0.0007873242720961571, 0.002444775775074959, 0.0041022272780537605, 0.005759678781032562, 0.007417130284011364, 0.009074581786990166, 0.010732033289968967, 0.01238948479294777, 0.014046936295926571, 0.015704387798905373, 0.0173618383705616, 0.019019290804862976, 0.020676743239164352, 0.02233419381082058, 0.023991644382476807, 0.025649096816778183, 0.02730654925107956, 0.028963999822735786, 0.030621450394392014, 0.03227890282869339, 0.033936355262994766, 0.03559380769729614, 0.03725125640630722, 0.0389087088406086, 0.04056616127490997, 0.04222360998392105, 0.04388106241822243, 0.045538514852523804, 0.04719596728682518, 0.048853419721126556, 0.050510868430137634, 0.05216832086443901]}, "gradients/graph_54.bias": {"_type": "histogram", "values": [1.0, 0.0, 0.0, 0.0, 0.0, 0.0, 0.0, 0.0, 0.0, 0.0, 0.0, 0.0, 0.0, 0.0, 0.0, 0.0, 0.0, 0.0, 0.0, 0.0, 0.0, 0.0, 0.0, 1.0, 0.0, 0.0, 0.0, 0.0, 0.0, 0.0, 0.0, 0.0, 0.0, 0.0, 0.0, 0.0, 0.0, 0.0, 0.0, 3.0, 1.0, 0.0, 0.0, 0.0, 1.0, 1.0, 0.0, 0.0, 0.0, 0.0, 0.0, 0.0, 0.0, 0.0, 0.0, 0.0, 0.0, 0.0, 0.0, 0.0, 0.0, 0.0, 1.0, 1.0],