{"parameters/graph_211.weight": {"_type": "histogram", "values": [1.0, 1.0, 3.0, 7.0, 8.0, 7.0, 19.0, 26.0, 31.0, 51.0, 84.0, 142.0, 194.0, 363.0, 591.0, 1221.0, 3113.0, 5510.0, 6444.0, 6800.0, 6981.0, 7173.0, 7228.0, 7549.0, 7474.0, 7490.0, 7620.0, 7425.0, 7688.0, 7625.0, 7649.0, 7571.0, 7536.0, 7440.0, 7647.0, 7502.0, 7637.0, 7336.0, 7613.0, 7284.0, 7048.0, 6529.0, 5225.0, 2516.0, 1426.0, 1103.0, 809.0, 555.0, 409.0, 309.0, 205.0, 157.0, 95.0, 71.0, 64.0, 30.0, 26.0, 14.0, 9.0, 6.0, 6.0, 0.0, 4.0, 4.0], "bins": [-0.08266044408082962, -0.07993657141923904, -0.07721269875764847, -0.07448882609605789, -0.07176495343446732, -0.06904108077287674, -0.06631720066070557, -0.06359332799911499, -0.060869455337524414, -0.05814558267593384, -0.05542171001434326, -0.052697837352752686, -0.04997396469116211, -0.04725009202957153, -0.04452621564269066, -0.04180234298110008, -0.039078470319509506, -0.03635459765791893, -0.033630724996328354, -0.03090685047209263, -0.028182975947856903, -0.025459103286266327, -0.02273523062467575, -0.020011356100440025, -0.01728748343884945, -0.014563609845936298, -0.011839736253023148, -0.009115863591432571, -0.006391989998519421, -0.0036681166384369135, -0.0009442432783544064, 0.0017796300817281008, 0.004503503441810608, 0.007227377034723759, 0.00995125062763691, 0.012675123289227486, 0.015398996882140636, 0.018122870475053787, 0.020846743136644363, 0.02357061766088009, 0.026294490322470665, 0.02901836298406124, 0.03174223750829697, 0.03446611016988754, 0.03718998283147812, 0.039913855493068695, 0.04263773187994957, 0.045361604541540146, 0.04808547720313072, 0.0508093498647213, 0.053533222526311874, 0.05625709891319275, 0.058980971574783325, 0.0617048442363739, 0.06442871689796448, 0.06715258955955505, 0.06987646222114563, 0.0726003348827362, 0.07532420754432678, 0.07804808765649796, 0.08077196031808853, 0.08349583297967911, 0.08621970564126968, 0.08894357830286026, 0.09166745096445084]}, "_timestamp": 1713656613.810218, "parameters/graph_211.bias": {"_type": "histogram", "values": [1.0, 0.0, 9.0, 2.0, 2.0, 4.0, 1.0, 1.0, 3.0, 4.0, 1.0, 4.0, 6.0, 5.0, 7.0, 4.0, 5.0, 1.0, 2.0, 2.0, 4.0, 4.0, 5.0, 4.0, 4.0, 3.0, 2.0, 4.0, 1.0, 3.0, 6.0, 6.0, 6.0, 0.0, 3.0, 7.0, 3.0, 1.0, 4.0, 4.0, 3.0, 3.0, 2.0, 11.0, 5.0, 5.0, 7.0, 6.0, 7.0, 4.0, 5.0, 7.0, 5.0, 1.0, 7.0, 5.0, 3.0, 0.0, 7.0, 7.0, 3.0, 5.0, 5.0, 5.0], "bins": [-0.034057267010211945, -0.03288159891963005, -0.03170593082904816, -0.030530260875821114, -0.02935459092259407, -0.028178922832012177, -0.027003254741430283, -0.02582758478820324, -0.024651916697621346, -0.02347624860703945, -0.02230057865381241, -0.021124910563230515, -0.01994924247264862, -0.018773572519421577, -0.017597904428839684, -0.01642223447561264, -0.015246566385030746, -0.014070897363126278, -0.01289522834122181, -0.011719560250639915, -0.010543891228735447, -0.009368222206830978, -0.008192554116249084, -0.007016885094344616, -0.005841216072440147, -0.004665547050535679, -0.0034898784942924976, -0.0023142097052186728, -0.0011385409161448479, 3.712787292897701e-05, 0.001212796662002802, 0.0023884654510766268, 0.003564130514860153, 0.004739799536764622, 0.005915468093007803, 0.007091136649250984, 0.008266805671155453, 0.009442474693059921, 0.010618142783641815, 0.011793811805546284, 0.012969480827450752, 0.01414514984935522, 0.01532081887125969, 0.016496486961841583, 0.017672155052423477, 0.01884782500565052, 0.020023493096232414, 0.021199163049459457, 0.02237483114004135, 0.023550499230623245, 0.02472616918385029, 0.025901837274432182, 0.027077507227659225, 0.02825317531824112, 0.029428843408823013, 0.030604513362050056, 0.0317801833152771, 0.032955851405858994, 0.03413151949644089, 0.03530718758702278, 0.036482855677604675, 0.03765852376818657, 0.03883419558405876, 0.040009863674640656, 0.04118553176522255]}, "parameters/graph_214.weight": {"_type": "histogram", "values": [2.0, 0.0, 4.0, 6.0, 2.0, 3.0, 10.0, 13.0, 25.0, 22.0, 37.0, 28.0, 46.0, 51.0, 56.0, 74.0, 65.0, 82.0, 91.0, 88.0, 102.0, 95.0, 98.0, 91.0, 80.0, 100.0, 83.0, 95.0, 91.0, 95.0, 104.0, 96.0, 90.0, 85.0, 76.0, 59.0, 56.0, 42.0, 53.0, 38.0, 32.0, 32.0, 26.0, 21.0, 14.0, 31.0, 17.0, 13.0, 6.0, 7.0, 3.0, 5.0, 6.0, 4.0, 2.0, 1.0, 1.0, 1.0, 1.0, 1.0, 0.0, 1.0, 0.0, 1.0], "bins": [-0.2095509171485901, -0.2016497254371643, -0.19374854862689972, -0.18584737181663513, -0.17794618010520935, -0.17004498839378357, -0.16214381158351898, -0.1542426347732544, -0.1463414430618286, -0.13844025135040283, -0.13053907454013824, -0.12263789027929306, -0.11473670601844788, -0.10683552175760269, -0.09893433749675751, -0.09103315323591232, -0.08313196897506714, -0.07523078471422195, -0.06732960045337677, -0.059428416192531586, -0.0515272319316864, -0.04362604767084122, -0.03572486340999603, -0.02782367914915085, -0.019922494888305664, -0.01202131062746048, -0.004120126366615295, 0.003781057894229889, 0.011682242155075073, 0.019583426415920258, 0.027484610676765442, 0.035385794937610626, 0.0432870090007782, 0.05118819326162338, 0.05908937752246857, 0.06699056178331375, 0.07489174604415894, 0.08279293030500412, 0.0906941145658493, 0.09859529882669449, 0.10649648308753967, 0.11439766734838486, 0.12229885160923004, 0.13020002841949463, 0.1381012201309204, 0.1460024118423462, 0.15390358865261078, 0.16180476546287537, 0.16970595717430115, 0.17760714888572693, 0.18550832569599152, 0.1934095025062561, 0.20131069421768188, 0.20921188592910767, 0.21711306273937225, 0.22501423954963684, 0.23291543126106262, 0.2408166229724884, 0.248717799782753, 0.2566189765930176, 0.26452016830444336, 0.27242136001586914, 0.2803225517272949, 0.2882237136363983, 0.2961249053478241]}, "parameters/graph_214.bias": {"_type": "histogram", "values": [1.0, 0.0, 0.0, 0.0, 0.0, 0.0, 0.0, 0.0, 1.0, 0.0, 0.0, 0.0, 0.0, 0.0, 0.0, 0.0, 0.0, 0.0, 0.0, 0.0, 0.0, 0.0, 0.0, 0.0, 0.0, 0.0, 0.0, 0.0, 0.0, 0.0, 0.0, 0.0, 0.0, 0.0, 0.0, 0.0, 0.0, 0.0, 1.0, 0.0, 1.0, 1.0, 0.0, 0.0, 0.0, 0.0, 1.0, 0.0, 1.0, 0.0, 0.0, 0.0, 0.0, 1.0, 0.0, 0.0, 0.0, 1.0, 0.0, 0.0, 0.0, 0.0, 0.0, 1.0], "bins": [-0.0439237505197525, -0.04253387823700905, -0.04114400967955589, -0.03975413739681244, -0.038364265114068985, -0.03697439655661583, -0.035584524273872375, -0.03419465199112892, -0.03280477970838547, -0.03141491115093231, -0.030025038868188858, -0.028635168448090553, -0.02724529802799225, -0.025855425745248795, -0.02446555532515049, -0.023075683042407036, -0.02168581262230873, -0.020295942202210426, -0.018906069919466972, -0.017516199499368668, -0.016126327216625214, -0.014736456796526909, -0.013346586376428604, -0.011956715025007725, -0.010566843673586845, -0.009176972322165966, -0.007787101436406374, -0.006397230550646782, -0.0050073591992259026, -0.003617488080635667, -0.002227616962045431, -0.0008377458434551954, 0.0005521252751350403, 0.001941996393725276, 0.0033318675123155117, 0.004721738398075104, 0.006111609749495983, 0.0075014811009168625, 0.008891351521015167, 0.010281222872436047, 0.011671094223856926, 0.013060965575277805, 0.014450836926698685, 0.01584070734679699, 0.017230577766895294, 0.018620450049638748, 0.020010320469737053, 0.021400192752480507, 0.02279006317257881, 0.024179933592677116, 0.02556980587542057, 0.026959676295518875, 0.02834954857826233, 0.029739418998360634, 0.03112928941845894, 0.03251916170120239, 0.03390903025865555, 0.035298902541399, 0.036688774824142456, 0.03807864710688591, 0.039468515664339066, 0.04085838794708252, 0.042248260229825974, 0.04363812878727913, 0.04502800107002258]}, "gradients/graph_214.bias": {"_type": "histogram", "values": [1.0, 0.0, 0.0, 0.0, 0.0, 0.0, 0.0, 0.0, 0.0, 0.0, 0.0, 0.0, 0.0, 0.0, 0.0, 0.0, 0.0, 0.0, 0.0, 0.0, 0.0, 0.0, 0.0, 0.0, 0.0, 0.0, 0.0, 1.0, 0.0, 0.0, 0.0, 0.0, 0.0, 0.0, 0.0, 1.0, 0.0, 0.0, 0.0, 1.0, 0.0, 1.0, 1.0, 0.0, 1.0, 0.0, 0.0, 0.0, 0.0, 0.0, 0.0, 0.0, 0.0, 0.0, 0.0, 0.0, 1.0, 0.0, 1.0, 0.0, 0.0, 0.0, 0.0, 1.0],