{"parameters/graph_211.weight": {"_type": "histogram", "values": [2.0, 3.0, 4.0, 8.0, 6.0, 13.0, 23.0, 29.0, 31.0, 68.0, 102.0, 162.0, 244.0, 417.0, 692.0, 1357.0, 3275.0, 5775.0, 6687.0, 7036.0, 7212.0, 7369.0, 7552.0, 7766.0, 7715.0, 7866.0, 7661.0, 7867.0, 7854.0, 7937.0, 7919.0, 7751.0, 7687.0, 7804.0, 7914.0, 7784.0, 7708.0, 7836.0, 7503.0, 7223.0, 6763.0, 5581.0, 2784.0, 1508.0, 1183.0, 884.0, 600.0, 448.0, 311.0, 230.0, 176.0, 115.0, 80.0, 61.0, 43.0, 18.0, 22.0, 12.0, 6.0, 6.0, 3.0, 3.0, 1.0, 4.0], "bins": [-0.08421852439641953, -0.08139751106500626, -0.07857649773359299, -0.07575548440217972, -0.07293447107076645, -0.07011345773935318, -0.06729244440793991, -0.06447143107652664, -0.06165041774511337, -0.058829404413700104, -0.056008391082286835, -0.053187377750873566, -0.0503663644194603, -0.04754535108804703, -0.04472433775663376, -0.04190332442522049, -0.03908231109380722, -0.03626129776239395, -0.03344028443098068, -0.030619271099567413, -0.027798257768154144, -0.024977244436740875, -0.022156231105327606, -0.019335217773914337, -0.016514204442501068, -0.013693191111087799, -0.01087217777967453, -0.008051164448261261, -0.005230151116847992, -0.002409137785434723, 0.00041187554597854614, 0.003232888877391815, 0.006053902208805084, 0.008874915540218353, 0.011695928871631622, 0.014516942203044891, 0.01733795553445816, 0.02015896886587143, 0.0229799821972847, 0.025800995528697968, 0.028622008860111237, 0.031443022191524506, 0.034264035522937775, 0.037085048854351044, 0.03990606218576431, 0.04272707551717758, 0.04554808884859085, 0.04836910218000412, 0.05119011551141739, 0.05401112884283066, 0.05683214217424393, 0.059653155505657196, 0.062474168837070465, 0.06529518216848373, 0.068116195499897, 0.07093720883131027, 0.07375822216272354, 0.07657923549413681, 0.07940024882555008, 0.08222126215696335, 0.08504227548837662, 0.08786328881978989, 0.09068430215120316, 0.09350531548261642, 0.0963263288140297]}, "_timestamp": 1713656679.51048, "parameters/graph_211.bias": {"_type": "histogram", "values": [1.0, 2.0, 7.0, 3.0, 2.0, 3.0, 1.0, 1.0, 2.0, 5.0, 1.0, 3.0, 8.0, 4.0, 7.0, 3.0, 5.0, 3.0, 2.0, 0.0, 7.0, 3.0, 5.0, 3.0, 5.0, 1.0, 2.0, 6.0, 0.0, 3.0, 7.0, 3.0, 8.0, 1.0, 2.0, 7.0, 3.0, 1.0, 4.0, 2.0, 5.0, 3.0, 5.0, 9.0, 5.0, 4.0, 8.0, 4.0, 7.0, 5.0, 5.0, 5.0, 6.0, 1.0, 6.0, 6.0, 4.0, 0.0, 7.0, 6.0, 4.0, 3.0, 7.0, 5.0], "bins": [-0.033893778920173645, -0.03272026777267456, -0.031546756625175476, -0.030373243615031242, -0.02919973060488701, -0.028026219457387924, -0.02685270830988884, -0.025679195299744606, -0.02450568415224552, -0.023332173004746437, -0.022158659994602203, -0.02098514884710312, -0.019811637699604034, -0.0186381246894598, -0.017464613541960716, -0.016291100531816483, -0.015117589384317398, -0.013944077305495739, -0.01277056522667408, -0.011597054079174995, -0.010423542000353336, -0.009250029921531677, -0.008076518774032593, -0.006903006695210934, -0.005729494616389275, -0.0045559825375676155, -0.0033824709244072437, -0.0022089590784162283, -0.0010354472324252129, 0.00013806461356580257, 0.001311576459556818, 0.0024850883055478334, 0.003658600151538849, 0.004832112230360508, 0.00600562384352088, 0.0071791354566812515, 0.00835264753550291, 0.00952615961432457, 0.010699670761823654, 0.011873182840645313, 0.013046694919466972, 0.014220206998288631, 0.01539371907711029, 0.016567230224609375, 0.01774074137210846, 0.018914254382252693, 0.020087765529751778, 0.02126127853989601, 0.022434789687395096, 0.02360830083489418, 0.024781813845038414, 0.0259553249925375, 0.027128838002681732, 0.028302349150180817, 0.0294758602976799, 0.030649373307824135, 0.03182288259267807, 0.03299639746546745, 0.03416990861296654, 0.03534341976046562, 0.036516930907964706, 0.03769044205546379, 0.038863956928253174, 0.04003746807575226, 0.04121097922325134]}, "parameters/graph_214.weight": {"_type": "histogram", "values": [1.0, 1.0, 4.0, 6.0, 2.0, 4.0, 9.0, 12.0, 24.0, 24.0, 35.0, 28.0, 42.0, 42.0, 64.0, 69.0, 67.0, 82.0, 86.0, 82.0, 98.0, 99.0, 102.0, 96.0, 74.0, 95.0, 101.0, 85.0, 95.0, 100.0, 106.0, 90.0, 88.0, 84.0, 77.0, 67.0, 48.0, 47.0, 50.0, 37.0, 39.0, 28.0, 25.0, 28.0, 15.0, 25.0, 22.0, 13.0, 8.0, 5.0, 5.0, 5.0, 6.0, 3.0, 3.0, 1.0, 1.0, 1.0, 1.0, 1.0, 0.0, 1.0, 0.0, 1.0], "bins": [-0.22067910432815552, -0.21240776777267456, -0.2041364461183548, -0.19586512446403503, -0.18759378790855408, -0.17932245135307312, -0.17105112969875336, -0.1627798080444336, -0.15450847148895264, -0.14623713493347168, -0.13796581327915192, -0.12969449162483215, -0.1214231550693512, -0.11315182596445084, -0.10488049685955048, -0.09660916775465012, -0.08833783864974976, -0.0800665095448494, -0.07179518043994904, -0.06352385133504868, -0.055252522230148315, -0.046981193125247955, -0.038709864020347595, -0.030438534915447235, -0.022167205810546875, -0.013895876705646515, -0.005624547600746155, 0.0026467815041542053, 0.010918110609054565, 0.019189439713954926, 0.027460768818855286, 0.035732097923755646, 0.044003427028656006, 0.052274756133556366, 0.060546085238456726, 0.06881741434335709, 0.07708874344825745, 0.0853600725531578, 0.09363140165805817, 0.10190273076295853, 0.11017405986785889, 0.11844538897275925, 0.1267167180776596, 0.13498803973197937, 0.14325937628746033, 0.15153071284294128, 0.15980203449726105, 0.1680733561515808, 0.17634469270706177, 0.18461602926254272, 0.1928873509168625, 0.20115867257118225, 0.2094300091266632, 0.21770134568214417, 0.22597266733646393, 0.2342439889907837, 0.24251532554626465, 0.2507866621017456, 0.25905799865722656, 0.26732930541038513, 0.2756006419658661, 0.28387197852134705, 0.2921432852745056, 0.3004146218299866, 0.30868595838546753]}, "parameters/graph_214.bias": {"_type": "histogram", "values": [1.0, 0.0, 0.0, 0.0, 0.0, 0.0, 0.0, 1.0, 0.0, 0.0, 0.0, 0.0, 0.0, 0.0, 0.0, 0.0, 0.0, 0.0, 0.0, 0.0, 0.0, 0.0, 0.0, 0.0, 0.0, 0.0, 0.0, 0.0, 0.0, 0.0, 0.0, 0.0, 0.0, 0.0, 0.0, 0.0, 0.0, 1.0, 0.0, 1.0, 0.0, 0.0, 1.0, 0.0, 0.0, 0.0, 1.0, 0.0, 1.0, 0.0, 0.0, 0.0, 0.0, 0.0, 0.0, 1.0, 0.0, 0.0, 1.0, 0.0, 0.0, 0.0, 0.0, 1.0], "bins": [-0.04298732057213783, -0.04162536934018135, -0.04026341810822487, -0.03890146687626839, -0.037539515644311905, -0.03617756441235542, -0.03481561318039894, -0.03345366194844246, -0.03209170699119568, -0.030729757621884346, -0.029367806389927864, -0.028005855157971382, -0.02664390206336975, -0.02528195083141327, -0.023919999599456787, -0.022558048367500305, -0.021196097135543823, -0.01983414590358734, -0.01847219467163086, -0.017110243439674377, -0.015748292207717896, -0.014386340044438839, -0.013024387881159782, -0.0116624366492033, -0.010300485417246819, -0.008938534185290337, -0.007576582487672567, -0.006214630790054798, -0.004852679558098316, -0.0034907280933111906, -0.002128776628524065, -0.0007668251637369394, 0.0005951263010501862, 0.0019570777658373117, 0.0033190292306244373, 0.004680980928242207, 0.0060429321601986885, 0.0074048833921551704, 0.008766835555434227, 0.010128786787390709, 0.01149073801934719, 0.012852689251303673, 0.014214640483260155, 0.015576592646539211, 0.016938544809818268, 0.01830049604177475, 0.01966244727373123, 0.021024398505687714, 0.022386349737644196, 0.023748300969600677, 0.02511025220155716, 0.02647220343351364, 0.027834154665470123, 0.029196107760071754, 0.030558058992028236, 0.03192000836133957, 0.03328195959329605, 0.03464391455054283, 0.03600586578249931, 0.037367817014455795, 0.03872976824641228, 0.04009171947836876, 0.04145367071032524, 0.04281562194228172, 0.044177573174238205]}, "gradients/graph_214.bias": {"_type": "histogram", "values": [1.0, 0.0, 0.0, 0.0, 0.0, 1.0, 0.0, 0.0, 0.0, 0.0, 0.0, 0.0, 0.0, 0.0, 0.0, 0.0, 0.0, 1.0, 0.0, 0.0, 0.0, 1.0, 0.0, 0.0, 1.0, 0.0, 0.0, 1.0, 0.0, 0.0, 0.0, 0.0, 0.0, 0.0, 0.0, 0.0, 1.0, 1.0, 0.0, 1.0, 0.0, 0.0, 0.0, 0.0, 0.0, 0.0, 0.0, 0.0, 0.0, 0.0, 0.0, 0.0, 0.0, 0.0, 0.0, 0.0, 0.0, 0.0, 0.0, 0.0, 0.0, 0.0, 0.0, 1.0],