{"parameters/1.weight": {"_type": "histogram", "values": [1.0, 0.0, 0.0, 1.0, 3.0, 4.0, 8.0, 3.0, 8.0, 8.0, 17.0, 22.0, 56.0, 56.0, 76.0, 121.0, 176.0, 266.0, 408.0, 583.0, 793.0, 1155.0, 1575.0, 2375.0, 3529.0, 5496.0, 9246.0, 29788.0, 54881.0, 52822.0, 19495.0, 6238.0, 3658.0, 2347.0, 1678.0, 1117.0, 799.0, 538.0, 357.0, 267.0, 182.0, 139.0, 91.0, 67.0, 60.0, 45.0, 55.0, 32.0, 11.0, 19.0, 9.0, 7.0, 1.0, 3.0, 2.0, 3.0, 1.0, 2.0, 2.0, 1.0, 0.0, 0.0, 0.0, 1.0], "bins": [-0.809224009513855, -0.7810657024383545, -0.7529074549674988, -0.7247491478919983, -0.6965909004211426, -0.6684325933456421, -0.6402743458747864, -0.6121160387992859, -0.5839577913284302, -0.5557994842529297, -0.5276411771774292, -0.4994829297065735, -0.471324622631073, -0.4431663453578949, -0.4150080680847168, -0.3868497908115387, -0.3586915135383606, -0.3305332362651825, -0.3023749589920044, -0.2742166817188263, -0.246058389544487, -0.2179001122713089, -0.1897418200969696, -0.1615835428237915, -0.1334252655506134, -0.1052669882774353, -0.0771087035536766, -0.048950422555208206, -0.020792141556739807, 0.007366139441728592, 0.03552442044019699, 0.06368270516395569, 0.09184092283248901, 0.11999920010566711, 0.14815747737884521, 0.1763157695531845, 0.2044740468263626, 0.2326323240995407, 0.26079061627388, 0.2889488935470581, 0.3171071708202362, 0.3452654480934143, 0.3734237253665924, 0.4015820026397705, 0.429740309715271, 0.4578985869884491, 0.4860568642616272, 0.5142151117324829, 0.5423734188079834, 0.5705317258834839, 0.5986899733543396, 0.6268482804298401, 0.6550065279006958, 0.6831648349761963, 0.711323082447052, 0.7394813895225525, 0.7676396369934082, 0.7957979440689087, 0.8239562511444092, 0.8521144986152649, 0.8802728056907654, 0.9084310531616211, 0.9365893602371216, 0.9647476077079773, 0.9929059147834778]}, "_timestamp": 1713645994.94142, "parameters/1.bias": {"_type": "histogram", "values": [2.0, 1.0, 3.0, 1.0, 0.0, 1.0, 1.0, 1.0, 2.0, 2.0, 0.0, 0.0, 1.0, 3.0, 4.0, 6.0, 2.0, 5.0, 7.0, 3.0, 13.0, 8.0, 11.0, 7.0, 15.0, 8.0, 14.0, 10.0, 9.0, 9.0, 11.0, 7.0, 5.0, 8.0, 9.0, 6.0, 10.0, 9.0, 7.0, 8.0, 4.0, 3.0, 3.0, 7.0, 1.0, 0.0, 1.0, 2.0, 1.0, 1.0, 1.0, 1.0, 0.0, 0.0, 0.0, 0.0, 1.0, 0.0, 0.0, 0.0, 0.0, 0.0, 0.0, 1.0], "bins": [-0.10241415351629257, -0.09938793629407883, -0.09636171162128448, -0.09333549439907074, -0.0903092697262764, -0.08728305250406265, -0.08425683528184891, -0.08123061060905457, -0.07820439338684082, -0.07517816871404648, -0.07215195149183273, -0.06912573426961899, -0.06609950959682465, -0.0630732923746109, -0.06004707142710686, -0.057020850479602814, -0.05399462953209877, -0.05096840858459473, -0.04794218763709068, -0.04491597041487694, -0.041889749467372894, -0.03886352851986885, -0.03583730757236481, -0.032811086624860764, -0.02978486754000187, -0.026758646592497826, -0.02373242750763893, -0.020706206560134888, -0.017679985612630844, -0.01465376652777195, -0.011627545580267906, -0.008601325564086437, -0.005575105547904968, -0.0025488852988928556, 0.000477334950119257, 0.0035035551991313696, 0.006529775448143482, 0.009555995464324951, 0.012582216411828995, 0.015608436428010464, 0.018634656444191933, 0.021660877391695976, 0.02468709647655487, 0.027713317424058914, 0.030739538371562958, 0.033765759319067, 0.036791976541280746, 0.03981819748878479, 0.042844418436288834, 0.04587063938379288, 0.04889686033129692, 0.051923077553510666, 0.05494929850101471, 0.05797551944851875, 0.0610017403960228, 0.06402795761823654, 0.06705418229103088, 0.07008039951324463, 0.07310662418603897, 0.07613284140825272, 0.07915905863046646, 0.0821852833032608, 0.08521150052547455, 0.08823772519826889, 0.09126394242048264]}, "parameters/4.weight": {"_type": "histogram", "values": [1.0, 2.0, 1.0, 1.0, 4.0, 3.0, 8.0, 18.0, 20.0, 20.0, 38.0, 41.0, 81.0, 91.0, 147.0, 244.0, 535.0, 628.0, 269.0, 77.0, 55.0, 24.0, 33.0, 30.0, 22.0, 17.0, 19.0, 16.0, 22.0, 12.0, 11.0, 10.0, 9.0, 12.0, 5.0, 12.0, 6.0, 5.0, 4.0, 1.0, 0.0, 0.0, 0.0, 0.0, 1.0, 2.0, 0.0, 0.0, 0.0, 1.0, 0.0, 0.0, 0.0, 0.0, 0.0, 0.0, 0.0, 0.0, 0.0, 1.0, 0.0, 0.0, 0.0, 1.0], "bins": [-1.1417583227157593, -1.0764696598052979, -1.0111809968948364, -0.9458923935890198, -0.8806037306785583, -0.8153150677680969, -0.7500264644622803, -0.6847378015518188, -0.6194491386413574, -0.554160475730896, -0.48887184262275696, -0.4235832095146179, -0.3582945466041565, -0.29300588369369507, -0.22771725058555603, -0.1624286025762558, -0.09713995456695557, -0.031851306557655334, 0.0334373414516449, 0.09872598946094513, 0.16401463747024536, 0.2293032854795456, 0.2945919334888458, 0.35988056659698486, 0.4251692295074463, 0.4904578924179077, 0.5557465553283691, 0.6210351586341858, 0.6863238215446472, 0.7516124844551086, 0.8169010877609253, 0.8821897506713867, 0.9474785327911377, 1.0127671957015991, 1.0780558586120605, 1.143344521522522, 1.2086331844329834, 1.2739217281341553, 1.3392103910446167, 1.4044990539550781, 1.4697877168655396, 1.535076379776001, 1.6003650426864624, 1.6656537055969238, 1.7309422492980957, 1.7962309122085571, 1.8615195751190186, 1.92680823802948, 1.9920969009399414, 2.0573854446411133, 2.1226742267608643, 2.187962770462036, 2.253251552581787, 2.318540096282959, 2.38382887840271, 2.449117422103882, 2.514406204223633, 2.5796947479248047, 2.6449832916259766, 2.7102720737457275, 2.7755606174468994, 2.8408493995666504, 2.9061379432678223, 2.9714267253875732, 3.036715269088745]}, "parameters/4.bias": {"_type": "histogram", "values": [1.0, 0.0, 0.0, 0.0, 0.0, 0.0, 0.0, 1.0, 0.0, 0.0, 0.0, 0.0, 0.0, 0.0, 1.0, 0.0, 0.0, 0.0, 0.0, 0.0, 0.0, 0.0, 0.0, 0.0, 0.0, 0.0, 0.0, 0.0, 2.0, 0.0, 0.0, 0.0, 0.0, 0.0, 0.0, 0.0, 0.0, 0.0, 0.0, 0.0, 0.0, 0.0, 0.0, 0.0, 0.0, 1.0, 0.0, 0.0, 0.0, 0.0, 0.0, 0.0, 1.0, 0.0, 0.0, 0.0, 0.0, 0.0, 1.0, 0.0, 0.0, 1.0, 0.0, 1.0], "bins": [-0.06634831428527832, -0.06426012516021729, -0.06217193230986595, -0.060083743184804916, -0.05799555033445358, -0.05590736120939255, -0.05381917208433151, -0.05173097923398018, -0.049642790108919144, -0.04755460098385811, -0.045466408133506775, -0.04337821900844574, -0.041290029883384705, -0.03920183703303337, -0.037113647907972336, -0.035025455057621, -0.03293726593255997, -0.030849074944853783, -0.0287608839571476, -0.026672694832086563, -0.02458450384438038, -0.022496312856674194, -0.02040812373161316, -0.018319932743906975, -0.01623174175620079, -0.014143550768494606, -0.012055360712110996, -0.009967170655727386, -0.007878979668021202, -0.005790789145976305, -0.003702598623931408, -0.0016144081018865108, 0.00047378987073898315, 0.0025619803927838802, 0.004650170914828777, 0.006738361436873674, 0.008826551958918571, 0.010914742946624756, 0.013002933003008366, 0.015091123059391975, 0.01717931404709816, 0.019267505034804344, 0.02135569602251053, 0.023443885147571564, 0.025532076135277748, 0.027620267122983932, 0.029708456248044968, 0.0317966490983963, 0.033884838223457336, 0.03597302734851837, 0.038061220198869705, 0.04014940932393074, 0.042237602174282074, 0.04432579129934311, 0.046413980424404144, 0.04850217327475548, 0.05059036239981651, 0.05267855152487755, 0.05476674437522888, 0.05685493350028992, 0.05894312262535095, 0.061031315475702286, 0.06311950832605362, 0.06520769745111465, 0.06729588657617569]}, "gradients/4.bias": {"_type": "histogram", "values": [10.0], "bins": [0.0, 0.0]}, "gradients/4.weight": {"_type": "histogram", "values": [2560.0], "bins": [0.0, 0.0]}, "gradients/1.bias": {"_type": "histogram", "values": [256.0], "bins": [0.0, 0.0]}, "gradients/1.weight": {"_type": "histogram", "values": [200704.0], "bins": [0.0, 0.0]}, "iteration_loss": 1.8611501574516296, "_runtime": 202.72839403152466, "_step": 6261, "stat_0": {"w_norm": 32.82512664794922, "w_mean": 0.00028012640541419387, "w_std": 0.07327015697956085, "w_max": 0.9929059147834778, "w_min": -0.809224009513855, "g_norm": 0.0, "g_mean": 0.0, "g_std": 0.0, "g_max": 0.0, "g_min": 0.0}, "stat_1": {"w_norm": 15.788427352905273, "w_mean": 1.5885103721302585e-06, "w_std": 0.312107115983963, "w_max": 3.036715269088745,